Command	Alias	Test_program	Args	Type	Exit_code	Nanoseconds	Microseconds	Miliseconds	Runtime_startup_time_miliseconds
unshare -muinpUCT --fork --map-current-user -R /media/caioh/EXTERNAL_HDD1/TCC_CAIO/site_testes_pequenos_performance/C_CPP_Benchmarks/executable_dir /return_0.exe 	unshare	return_0.exe		container	0	2284771 1872213 1720590 1840253 1656751 1490611 1768189 1698699 1761406 1734747 1680815 1846465 1694471 1638987 1725018 1671178 1717744 1617678 1728715 1764733 1753592 1665337 1622587 1769260 1676759 1572474 1716071 1672761 1620964 1577583 1705210 1710170 1741980 1486924 1733344 1755014 1699260 1605646 1757319 1696786 1675967 1650749 1834112 1714188 1708267 1707616 1849539 1680184 1671839 1770063 1717564 1755966 1740898 1718035 1764532 1732782 1691275 1639709 1719348 1737401 1742842 1626865 1745035 1692007 1771876 1640680 1706103 1697617 2191418 1800520 1800229 1716602 1780613 1700192 1478679 1561023 1784109 1727814 1762870 1878324 1621886 1725680 1623630 1734868 1766956 1615384 1631685 1759072 1812151 1616536 1619011 1702728 1809075 1721111 1594535 1651832 1773048 1584316 1655508 1540254 1618991 1735928 1716874 1627637 1621355 1764232 1554680 1723696 1737662 1707446 1753180 2092214 1679905 1696706 1676919 1774020 1758581 1732333 1902429 1769853 1661861 1634630 1875610 1775292 1701555 1750447 1729687 1710151 1612509 1709269 1749354 1617618 1797905 1844432 1656099 1753412 1736109 1716392 1724969 2553664 1748854 1586640 1729186 1743653 1710011 1703619 1676047 1691958 1640681 1668824 1562917 1517080 1639499 1732232 1631444 1602160 1599956 1743282 1760545 1734286 1602821 1668924 1605785 1584016 1658404 1691395 1692929 1633116 1847266 2327022 1764261 1587783 1763600 1761015 1725119 1660317 1500711 1603533 1601698 1680445 1777566 1873657 1621445 1734898 1627957 1740588 1723436 1750596 1731791 1662743 1685555 1638127 1770563 1732843 1624151 1748723 1638046 1624612 1782235 1653615 	2284 1872 1720 1840 1656 1490 1768 1698 1761 1734 1680 1846 1694 1638 1725 1671 1717 1617 1728 1764 1753 1665 1622 1769 1676 1572 1716 1672 1620 1577 1705 1710 1741 1486 1733 1755 1699 1605 1757 1696 1675 1650 1834 1714 1708 1707 1849 1680 1671 1770 1717 1755 1740 1718 1764 1732 1691 1639 1719 1737 1742 1626 1745 1692 1771 1640 1706 1697 2191 1800 1800 1716 1780 1700 1478 1561 1784 1727 1762 1878 1621 1725 1623 1734 1766 1615 1631 1759 1812 1616 1619 1702 1809 1721 1594 1651 1773 1584 1655 1540 1618 1735 1716 1627 1621 1764 1554 1723 1737 1707 1753 2092 1679 1696 1676 1774 1758 1732 1902 1769 1661 1634 1875 1775 1701 1750 1729 1710 1612 1709 1749 1617 1797 1844 1656 1753 1736 1716 1724 2553 1748 1586 1729 1743 1710 1703 1676 1691 1640 1668 1562 1517 1639 1732 1631 1602 1599 1743 1760 1734 1602 1668 1605 1584 1658 1691 1692 1633 1847 2327 1764 1587 1763 1761 1725 1660 1500 1603 1601 1680 1777 1873 1621 1734 1627 1740 1723 1750 1731 1662 1685 1638 1770 1732 1624 1748 1638 1624 1782 1653 	2 1 1 1 1 1 1 1 1 1 1 1 1 1 1 1 1 1 1 1 1 1 1 1 1 1 1 1 1 1 1 1 1 1 1 1 1 1 1 1 1 1 1 1 1 1 1 1 1 1 1 1 1 1 1 1 1 1 1 1 1 1 1 1 1 1 1 1 2 1 1 1 1 1 1 1 1 1 1 1 1 1 1 1 1 1 1 1 1 1 1 1 1 1 1 1 1 1 1 1 1 1 1 1 1 1 1 1 1 1 1 2 1 1 1 1 1 1 1 1 1 1 1 1 1 1 1 1 1 1 1 1 1 1 1 1 1 1 1 2 1 1 1 1 1 1 1 1 1 1 1 1 1 1 1 1 1 1 1 1 1 1 1 1 1 1 1 1 1 2 1 1 1 1 1 1 1 1 1 1 1 1 1 1 1 1 1 1 1 1 1 1 1 1 1 1 1 1 1 1 	0
unshare -muinpUCT --fork --map-root-user setpriv --nnp --securebits +noroot,+noroot_locked,+no_setuid_fixup_locked,+keep_caps_locked /media/caioh/EXTERNAL_HDD1/TCC_CAIO/site_testes_pequenos_performance/C_CPP_Benchmarks/executable_dir/return_0.exe 	unshare+setpriv	return_0.exe		container	0	2131377 2062519 2093125 1893072 1965036 2063380 2090030 2060835 1999632 1843178 1960919 2134853 2080643 2121859 1892430 1949659 1859579 3789842 1974814 2018807 2200065 1991456 2046408 2067458 2025210 1882963 2050867 1906778 2049424 2009690 2074180 1887401 1951641 1916887 2041469 2092725 2127991 2055916 2004070 2024347 1876031 1941682 2000082 2096913 2255357 1985074 2120406 2104097 2158307 2125466 2110298 1943607 2055596 2147327 2254377 1989953 1998268 2001675 2093075 2143640 2092073 2027533 2072227 1900396 2023556 2064692 1964996 2112933 2065094 1986626 2019318 1765154 2088016 2204874 1976497 2042682 2078368 2123563 2075342 2113263 1925804 1969224 1983000 2116449 2008227 2035819 2074741 2039035 2074350 2036009 1808374 1890256 2058170 2018536 2015451 2022753 2097413 2088397 2160342 2052739 1895397 2100088 1971458 2215204 2033233 1989963 2017955 2103696 2100989 1931504 2295062 2005652 2054163 2059482 2073500 2092184 2094938 2071155 1888383 2073379 2826824 1814837 2166512 2073098 2031190 2184014 2129965 1946982 2054903 2107292 2039616 2037250 2045948 1898311 2058310 2036981 2166763 2055997 2089679 2111550 2072467 2115537 2097014 1988149 2034386 2141685 2115618 2008658 2152526 1936664 2045957 2065425 2103145 1940330 2072548 2152966 1937766 2090581 2095270 2069221 2051858 1975335 2074000 2061115 2073549 2050376 2025308 1941884 2051959 2045127 2089749 2072448 1954107 2124204 2112613 2081214 1948366 1962803 2139793 1966931 2074881 2085071 1918410 2054874 1834443 2060124 2043413 2128622 1862455 1947685 2071826 1997267 2055275 2112052 2064623 2030188 2064553 2374841 1934961 2067869 	2131 2062 2093 1893 1965 2063 2090 2060 1999 1843 1960 2134 2080 2121 1892 1949 1859 3789 1974 2018 2200 1991 2046 2067 2025 1882 2050 1906 2049 2009 2074 1887 1951 1916 2041 2092 2127 2055 2004 2024 1876 1941 2000 2096 2255 1985 2120 2104 2158 2125 2110 1943 2055 2147 2254 1989 1998 2001 2093 2143 2092 2027 2072 1900 2023 2064 1964 2112 2065 1986 2019 1765 2088 2204 1976 2042 2078 2123 2075 2113 1925 1969 1983 2116 2008 2035 2074 2039 2074 2036 1808 1890 2058 2018 2015 2022 2097 2088 2160 2052 1895 2100 1971 2215 2033 1989 2017 2103 2100 1931 2295 2005 2054 2059 2073 2092 2094 2071 1888 2073 2826 1814 2166 2073 2031 2184 2129 1946 2054 2107 2039 2037 2045 1898 2058 2036 2166 2055 2089 2111 2072 2115 2097 1988 2034 2141 2115 2008 2152 1936 2045 2065 2103 1940 2072 2152 1937 2090 2095 2069 2051 1975 2074 2061 2073 2050 2025 1941 2051 2045 2089 2072 1954 2124 2112 2081 1948 1962 2139 1966 2074 2085 1918 2054 1834 2060 2043 2128 1862 1947 2071 1997 2055 2112 2064 2030 2064 2374 1934 2067 	2 2 2 1 1 2 2 2 1 1 1 2 2 2 1 1 1 3 1 2 2 1 2 2 2 1 2 1 2 2 2 1 1 1 2 2 2 2 2 2 1 1 2 2 2 1 2 2 2 2 2 1 2 2 2 1 1 2 2 2 2 2 2 1 2 2 1 2 2 1 2 1 2 2 1 2 2 2 2 2 1 1 1 2 2 2 2 2 2 2 1 1 2 2 2 2 2 2 2 2 1 2 1 2 2 1 2 2 2 1 2 2 2 2 2 2 2 2 1 2 2 1 2 2 2 2 2 1 2 2 2 2 2 1 2 2 2 2 2 2 2 2 2 1 2 2 2 2 2 1 2 2 2 1 2 2 1 2 2 2 2 1 2 2 2 2 2 1 2 2 2 2 1 2 2 2 1 1 2 1 2 2 1 2 1 2 2 2 1 1 2 1 2 2 2 2 2 2 1 2 	0
setpriv --nnp unshare -muinpUCT --fork --map-current-user -R /media/caioh/EXTERNAL_HDD1/TCC_CAIO/site_testes_pequenos_performance/C_CPP_Benchmarks/executable_dir /return_0.exe 	setpriv+unshare	return_0.exe		container	0	2125486 1852757 2766101 2126628 2061046 2126538 2077336 2022134 2110359 1994251 2112673 2002738 1945190 2042261 1999932 2118954 2024428 2002587 2128562 2096722 2000503 2154100 2178015 1916847 2225192 2083197 2029166 2094498 2055556 2150934 2113083 2086663 2104647 2027323 1857516 2002467 2192021 1835746 2047871 2116640 2039185 2068540 1815819 2013737 2004611 2061366 1874508 2077637 2007226 1937175 2111841 1884767 2107834 2107553 1998018 2122521 2113384 2070725 2070263 2042171 2201549 1940100 2005452 2203902 2027103 1985174 2123192 2379740 2100560 1936954 2143099 2038404 2031612 2183434 2000262 1993980 2107212 2030890 2121178 1944268 2084169 2060354 2143690 2042612 2117171 1946954 2028976 2199444 2025650 2001044 2145043 2144482 2200707 1941503 2170801 2165110 1965268 1963534 2156004 2014159 1931815 2013096 2081063 2121739 1921125 1996135 1946112 2067117 2051739 2011874 1963053 2107874 1944910 1984373 2107874 1956781 2032423 1962632 2101371 2001504 1923810 2121258 4153140 2162455 1990344 1939389 1988671 2072988 2036650 2002757 2130986 2133532 1993871 2052941 2004110 1986387 2008809 2151835 2466313 2011915 1980757 1924782 1987148 2219051 2038585 2153639 2119675 2184456 2070414 2206418 1948115 2009289 2120166 1984704 1862415 2243717 2060555 1978662 2111340 1966871 1974865 2014870 2203361 1999661 2066055 1970528 2003468 1963223 2084239 1985716 2098165 1983882 1884347 1980025 2070875 2023265 2010252 1908381 2124655 2108886 2149822 2107533 1948626 1907410 2006264 2099107 2028645 2108965 2009220 2017545 2119405 2029708 2127810 2093887 2109447 2042782 1967492 2155883 1904645 2039846 	2125 1852 2766 2126 2061 2126 2077 2022 2110 1994 2112 2002 1945 2042 1999 2118 2024 2002 2128 2096 2000 2154 2178 1916 2225 2083 2029 2094 2055 2150 2113 2086 2104 2027 1857 2002 2192 1835 2047 2116 2039 2068 1815 2013 2004 2061 1874 2077 2007 1937 2111 1884 2107 2107 1998 2122 2113 2070 2070 2042 2201 1940 2005 2203 2027 1985 2123 2379 2100 1936 2143 2038 2031 2183 2000 1993 2107 2030 2121 1944 2084 2060 2143 2042 2117 1946 2028 2199 2025 2001 2145 2144 2200 1941 2170 2165 1965 1963 2156 2014 1931 2013 2081 2121 1921 1996 1946 2067 2051 2011 1963 2107 1944 1984 2107 1956 2032 1962 2101 2001 1923 2121 4153 2162 1990 1939 1988 2072 2036 2002 2130 2133 1993 2052 2004 1986 2008 2151 2466 2011 1980 1924 1987 2219 2038 2153 2119 2184 2070 2206 1948 2009 2120 1984 1862 2243 2060 1978 2111 1966 1974 2014 2203 1999 2066 1970 2003 1963 2084 1985 2098 1983 1884 1980 2070 2023 2010 1908 2124 2108 2149 2107 1948 1907 2006 2099 2028 2108 2009 2017 2119 2029 2127 2093 2109 2042 1967 2155 1904 2039 	2 1 2 2 2 2 2 2 2 1 2 2 1 2 1 2 2 2 2 2 2 2 2 1 2 2 2 2 2 2 2 2 2 2 1 2 2 1 2 2 2 2 1 2 2 2 1 2 2 1 2 1 2 2 1 2 2 2 2 2 2 1 2 2 2 1 2 2 2 1 2 2 2 2 2 1 2 2 2 1 2 2 2 2 2 1 2 2 2 2 2 2 2 1 2 2 1 1 2 2 1 2 2 2 1 1 1 2 2 2 1 2 1 1 2 1 2 1 2 2 1 2 4 2 1 1 1 2 2 2 2 2 1 2 2 1 2 2 2 2 1 1 1 2 2 2 2 2 2 2 1 2 2 1 1 2 2 1 2 1 1 2 2 1 2 1 2 1 2 1 2 1 1 1 2 2 2 1 2 2 2 2 1 1 2 2 2 2 2 2 2 2 2 2 2 2 1 2 1 2 	0
podman run --rm -ti --volume /media/caioh/EXTERNAL_HDD1/TCC_CAIO/site_testes_pequenos_performance/C_CPP_Benchmarks/executable_dir:/ --entrypoint /return_0.exe empty_container 	podman	return_0.exe		container	0	255565173 245841478 1246986992 238041905 443572774 260200151 243312707 242025555 251208092 254079419 259575150 258109823 254246713 249943348 247912076 249225088 250710972 351018373 342064424 262401114 239092551 764590545 345829495 248945909 342819583 242409607 240684663 247141365 250962346 258347442 262526089 338934439 358763752 343649445 256769388 852322533 264588434 258490987 254471636 246337456 255114878 238069926 258263802 243640024 354954597 755039280 461442827 466433428 240745899 242921717 246638276 264131433 244817021 270163465 258440550 246405182 254044076 255391495 249926778 347601714 836451089 258862393 242957982 242713494 262805360 245488209 872559051 241129909 241808969 254814209 843471156 245089230 444617131 252563347 241483796 343333025 261476463 242829035 274239172 267349897 265418964 855838192 446744984 346957907 349589411 244927134 865356575 260552666 945643372 363740361 244073813 247219038 259077031 265812740 856195289 244980621 349797313 254494060 234946316 837803070 254714279 460450196 265027940 244772833 846763868 247047281 239063892 844934021 247072236 262804146 250388370 246359799 247521131 253566216 247105705 342458464 254540967 241639111 350702896 243006414 249734888 259071277 329847914 254954322 238782012 245556403 247237512 355813796 256630046 255853313 240519603 360512701 253385184 463531953 245007508 234802430 259410622 261546229 860173472 954153967 252107516 251230857 247507635 249523502 274261121 238669422 262880557 254183909 249978846 263149392 241784276 258575221 242749224 456578734 245178433 245544698 945592914 246674884 247121468 238451948 963256551 269038326 847205624 341808967 250714860 271252432 240639314 243617619 241989723 242142936 246011250 246694220 254574295 246365121 259520345 269831621 242497703 238441363 242580413 860832072 963717963 250668275 250963456 259101971 246148349 246774099 233241760 448714136 256297060 351708668 358689690 244783165 347394079 273593022 956017582 244448654 360172848 341693065 242665661 261816276 	255565 245841 1246986 238041 443572 260200 243312 242025 251208 254079 259575 258109 254246 249943 247912 249225 250710 351018 342064 262401 239092 764590 345829 248945 342819 242409 240684 247141 250962 258347 262526 338934 358763 343649 256769 852322 264588 258490 254471 246337 255114 238069 258263 243640 354954 755039 461442 466433 240745 242921 246638 264131 244817 270163 258440 246405 254044 255391 249926 347601 836451 258862 242957 242713 262805 245488 872559 241129 241808 254814 843471 245089 444617 252563 241483 343333 261476 242829 274239 267349 265418 855838 446744 346957 349589 244927 865356 260552 945643 363740 244073 247219 259077 265812 856195 244980 349797 254494 234946 837803 254714 460450 265027 244772 846763 247047 239063 844934 247072 262804 250388 246359 247521 253566 247105 342458 254540 241639 350702 243006 249734 259071 329847 254954 238782 245556 247237 355813 256630 255853 240519 360512 253385 463531 245007 234802 259410 261546 860173 954153 252107 251230 247507 249523 274261 238669 262880 254183 249978 263149 241784 258575 242749 456578 245178 245544 945592 246674 247121 238451 963256 269038 847205 341808 250714 271252 240639 243617 241989 242142 246011 246694 254574 246365 259520 269831 242497 238441 242580 860832 963717 250668 250963 259101 246148 246774 233241 448714 256297 351708 358689 244783 347394 273593 956017 244448 360172 341693 242665 261816 	255 245 1246 238 443 260 243 242 251 254 259 258 254 249 247 249 250 351 342 262 239 764 345 248 342 242 240 247 250 258 262 338 358 343 256 852 264 258 254 246 255 238 258 243 354 755 461 466 240 242 246 264 244 270 258 246 254 255 249 347 836 258 242 242 262 245 872 241 241 254 843 245 444 252 241 343 261 242 274 267 265 855 446 346 349 244 865 260 945 363 244 247 259 265 856 244 349 254 234 837 254 460 265 244 846 247 239 844 247 262 250 246 247 253 247 342 254 241 350 243 249 259 329 254 238 245 247 355 256 255 240 360 253 463 245 234 259 261 860 954 252 251 247 249 274 238 262 254 249 263 241 258 242 456 245 245 945 246 247 238 963 269 847 341 250 271 240 243 241 242 246 246 254 246 259 269 242 238 242 860 963 250 250 259 246 246 233 448 256 351 358 244 347 273 956 244 360 341 242 261 	0
bwrap --new-session --unshare-all --cap-drop all --ro-bind /media/caioh/EXTERNAL_HDD1/TCC_CAIO/site_testes_pequenos_performance/C_CPP_Benchmarks/executable_dir / /return_0.exe 	bwrap	return_0.exe		container	0	3011289 2359348 2561006 2475887 2365960 2233763 2326828 2170525 2394193 2401348 2411456 2332258 2471238 2399253 2315136 2516363 2388162 2339691 2343830 2382531 2252659 2414762 2433978 2390397 2356643 2387401 2433266 2489743 2330515 2426534 2215599 2426345 2178279 2163561 2440410 2428959 2252879 2467080 2446161 2255644 2467641 2429310 2466900 2285050 2411576 2450750 2309105 2487348 2404593 2258780 2430642 2425022 2441122 2353418 2451140 2385858 2431133 2378474 2151720 2441593 2283326 2320756 2303704 2384265 2387311 2383424 2220638 2335083 2418138 2270793 2422847 2382922 2265924 2395105 2291972 2414132 2261114 3739714 2382221 2407529 2263429 2394314 2461459 2271453 2405184 2358367 2414342 2418459 2351474 2245465 2393832 2287984 2388894 2406476 2311799 2485534 2521493 2392310 2335223 2322550 2397851 2314003 2493569 2222973 2524237 2450219 2296650 2348589 2314915 2420522 2522574 3409235 2400946 2438758 2261074 2261044 2490414 2438226 2274249 2296330 2201302 2418229 2446612 2382622 2415554 2438897 2441642 2376561 2395757 2366111 2361503 2325866 4419417 2361202 2560776 2472690 2451060 2455939 2394624 2182286 2326198 2369908 2358236 2419952 2505702 2369106 2432815 2263029 2394765 2264670 2478081 2452573 2425783 2435160 2299988 2374316 2606601 2306830 2512636 2389795 2406146 2439178 2302592 2236949 2424299 2430371 2333930 2412418 2659561 2439378 2484452 2343539 2245275 2258259 2506725 2543775 2317319 2393462 2222622 2385327 2500342 2357566 2424831 2380448 2462521 2444698 2385578 2417928 2234445 2373746 2426404 2421946 2325585 2403972 2450279 2182037 2372684 2359068 2239263 2434930 	3011 2359 2561 2475 2365 2233 2326 2170 2394 2401 2411 2332 2471 2399 2315 2516 2388 2339 2343 2382 2252 2414 2433 2390 2356 2387 2433 2489 2330 2426 2215 2426 2178 2163 2440 2428 2252 2467 2446 2255 2467 2429 2466 2285 2411 2450 2309 2487 2404 2258 2430 2425 2441 2353 2451 2385 2431 2378 2151 2441 2283 2320 2303 2384 2387 2383 2220 2335 2418 2270 2422 2382 2265 2395 2291 2414 2261 3739 2382 2407 2263 2394 2461 2271 2405 2358 2414 2418 2351 2245 2393 2287 2388 2406 2311 2485 2521 2392 2335 2322 2397 2314 2493 2222 2524 2450 2296 2348 2314 2420 2522 3409 2400 2438 2261 2261 2490 2438 2274 2296 2201 2418 2446 2382 2415 2438 2441 2376 2395 2366 2361 2325 4419 2361 2560 2472 2451 2455 2394 2182 2326 2369 2358 2419 2505 2369 2432 2263 2394 2264 2478 2452 2425 2435 2299 2374 2606 2306 2512 2389 2406 2439 2302 2236 2424 2430 2333 2412 2659 2439 2484 2343 2245 2258 2506 2543 2317 2393 2222 2385 2500 2357 2424 2380 2462 2444 2385 2417 2234 2373 2426 2421 2325 2403 2450 2182 2372 2359 2239 2434 	3 2 2 2 2 2 2 2 2 2 2 2 2 2 2 2 2 2 2 2 2 2 2 2 2 2 2 2 2 2 2 2 2 2 2 2 2 2 2 2 2 2 2 2 2 2 2 2 2 2 2 2 2 2 2 2 2 2 2 2 2 2 2 2 2 2 2 2 2 2 2 2 2 2 2 2 2 3 2 2 2 2 2 2 2 2 2 2 2 2 2 2 2 2 2 2 2 2 2 2 2 2 2 2 2 2 2 2 2 2 2 3 2 2 2 2 2 2 2 2 2 2 2 2 2 2 2 2 2 2 2 2 4 2 2 2 2 2 2 2 2 2 2 2 2 2 2 2 2 2 2 2 2 2 2 2 2 2 2 2 2 2 2 2 2 2 2 2 2 2 2 2 2 2 2 2 2 2 2 2 2 2 2 2 2 2 2 2 2 2 2 2 2 2 2 2 2 2 2 2 	0
systemd-run --user --wait --collect -p 'NoNewPrivileges=true' -p 'MemoryDenyWriteExecute=true' -p 'PrivateUsers=true' -p 'SecureBits=keep-caps-locked no-setuid-fixup-locked noroot noroot-locked' -p 'CapabilityBoundingSet=' -p 'AmbientCapabilities=' /media/caioh/EXTERNAL_HDD1/TCC_CAIO/site_testes_pequenos_performance/C_CPP_Benchmarks/executable_dir/return_0.exe 	systemd-run	return_0.exe		container	0	6295009 5696238 5427213 5674847 5423288 5321555 5619393 5395394 5522373 5375727 5162317 5434537 5044989 5369746 5150074 5471807 5000856 5083901 5145596 5897586 5128954 5330603 5226267 5307821 4978834 5083540 5297621 5074986 5473339 5212351 5490843 5092548 5019169 5293683 5134956 5627641 5045639 5025431 5471377 5316136 5218412 5298311 4987862 5352974 5298762 5537370 5119367 5470875 5191913 5075154 5167870 5198475 5218713 5222360 5189901 5379323 5342846 4951213 5339750 5451238 5179329 5334580 5158831 5312508 4922328 5117384 5019219 5304243 5086435 5179882 5413428 5131480 5174320 5182867 5179269 5304313 5050568 5236037 5280088 5144304 5067289 4878928 4902801 5331484 4878737 5297631 5094140 5429478 5299014 5019421 5306157 5114668 5241757 5243230 5204847 5259219 5460177 5519025 5486905 5083671 5382571 5267273 5117834 5194549 5122944 5198126 5040880 5091545 5207163 5272293 5272203 5387120 4998310 5390004 5164903 5396706 5461558 5129858 5258347 5159892 5128024 5196782 5423789 5106433 5733958 5284056 5147489 5337225 5490453 4883515 5332627 5242118 5205879 5199948 5539305 5111772 5173089 5230565 5407226 5361993 5178698 5234964 5166026 5040229 5396927 5116953 5337495 5245914 5075145 5223191 5052243 5155204 5164531 5188147 5142000 5319382 5132223 5235614 5516451 5190331 5601610 5338017 5008140 5252035 4896662 5058873 4904204 5093110 5147800 5345661 5052142 5167747 5207231 5625476 5304784 5278115 5032405 5422584 5197413 5138134 5146107 5223182 5150345 5325943 5513006 5088549 5302239 5004502 5279567 5746251 5053595 5141848 5201811 5278577 5100502 5454155 5191862 4871522 5418108 5071577 	6295 5696 5427 5674 5423 5321 5619 5395 5522 5375 5162 5434 5044 5369 5150 5471 5000 5083 5145 5897 5128 5330 5226 5307 4978 5083 5297 5074 5473 5212 5490 5092 5019 5293 5134 5627 5045 5025 5471 5316 5218 5298 4987 5352 5298 5537 5119 5470 5191 5075 5167 5198 5218 5222 5189 5379 5342 4951 5339 5451 5179 5334 5158 5312 4922 5117 5019 5304 5086 5179 5413 5131 5174 5182 5179 5304 5050 5236 5280 5144 5067 4878 4902 5331 4878 5297 5094 5429 5299 5019 5306 5114 5241 5243 5204 5259 5460 5519 5486 5083 5382 5267 5117 5194 5122 5198 5040 5091 5207 5272 5272 5387 4998 5390 5164 5396 5461 5129 5258 5159 5128 5196 5423 5106 5733 5284 5147 5337 5490 4883 5332 5242 5205 5199 5539 5111 5173 5230 5407 5361 5178 5234 5166 5040 5396 5116 5337 5245 5075 5223 5052 5155 5164 5188 5142 5319 5132 5235 5516 5190 5601 5338 5008 5252 4896 5058 4904 5093 5147 5345 5052 5167 5207 5625 5304 5278 5032 5422 5197 5138 5146 5223 5150 5325 5513 5088 5302 5004 5279 5746 5053 5141 5201 5278 5100 5454 5191 4871 5418 5071 	6 5 5 5 5 5 5 5 5 5 5 5 5 5 5 5 5 5 5 5 5 5 5 5 4 5 5 5 5 5 5 5 5 5 5 5 5 5 5 5 5 5 4 5 5 5 5 5 5 5 5 5 5 5 5 5 5 4 5 5 5 5 5 5 4 5 5 5 5 5 5 5 5 5 5 5 5 5 5 5 5 4 4 5 4 5 5 5 5 5 5 5 5 5 5 5 5 5 5 5 5 5 5 5 5 5 5 5 5 5 5 5 4 5 5 5 5 5 5 5 5 5 5 5 5 5 5 5 5 4 5 5 5 5 5 5 5 5 5 5 5 5 5 5 5 5 5 5 5 5 5 5 5 5 5 5 5 5 5 5 5 5 5 5 4 5 4 5 5 5 5 5 5 5 5 5 5 5 5 5 5 5 5 5 5 5 5 5 5 5 5 5 5 5 5 5 5 4 5 5 	0
systemd-run --user --wait --collect -p 'SystemCallFilter=rt_sigaction uname arch_prctl mmap execve rseq rt_sigprocmask prlimit64 brk ioctl mprotect set_robust_list write munmap readlink futex madvise clone3 set_tid_address getrandom newfstatat exit_group exit' -p 'NoNewPrivileges=true' -p 'MemoryDenyWriteExecute=true' -p 'PrivateUsers=true' -p 'SecureBits=keep-caps-locked no-setuid-fixup-locked noroot noroot-locked' -p 'CapabilityBoundingSet=' -p 'AmbientCapabilities=' /media/caioh/EXTERNAL_HDD1/TCC_CAIO/site_testes_pequenos_performance/C_CPP_Benchmarks/executable_dir/return_0.exe 	systemd-run(seccomp)	return_0.exe		container	0	6335143 6289079 6071570 6239597 6206383 6206432 5831512 6448536 6740985 6117186 6089575 6074947 6146871 6419504 6135079 6082743 6401057 6327118 6279722 5958969 6595132 6547421 6274621 6369799 6486337 6320649 6596222 6758518 6517956 6449397 6303005 5949863 6161219 6154505 6571938 6058706 6508719 6248653 5978606 6370611 6176727 6248121 6449840 6005657 5970270 6337078 5989377 6274881 6316881 6058475 6184302 6219828 6273219 6181115 6568743 5970881 6501928 5859273 6210441 6095164 6289680 6295479 6330156 6495864 6029502 6315216 6121505 6174172 6089696 6047466 6063586 6199029 6059629 6453996 6300039 6018161 5730080 6382673 6182659 6432406 6044259 6261998 6286463 6422308 6119710 6148896 6108069 6372225 6146280 6260556 5956825 6070760 6564282 6167351 6154195 6280303 6480195 6614057 6448336 5940457 6521263 6447345 6466490 5997834 6423630 6340405 6309848 6068214 5970772 6484825 6108790 6114652 6300410 6583438 6367075 6145208 5981472 6410595 6238324 6070408 6088984 6088061 6126695 6296441 6098552 6226540 6068306 6181405 6118750 6039049 6356355 6460869 6204701 6032698 6141743 5969118 6446132 6112677 6303365 6128998 6359371 6276625 6195782 6316950 6051873 6124660 6078173 6365762 6056522 6200573 6634454 6083143 6359810 6109192 6200200 6198650 6454016 6407361 6484393 6091148 6364479 6103071 6242971 6495646 6215570 6381892 6391740 6175406 6071018 6086299 6579923 6545387 6349412 6177869 6148735 6352135 6545128 6027808 6299899 6381921 5984548 6689048 6368846 6178151 6323953 6017680 6393735 5882486 6147774 6172892 5853491 6372586 6255505 6453275 6414454 6189170 5770777 6536422 6365481 6062915 	6335 6289 6071 6239 6206 6206 5831 6448 6740 6117 6089 6074 6146 6419 6135 6082 6401 6327 6279 5958 6595 6547 6274 6369 6486 6320 6596 6758 6517 6449 6303 5949 6161 6154 6571 6058 6508 6248 5978 6370 6176 6248 6449 6005 5970 6337 5989 6274 6316 6058 6184 6219 6273 6181 6568 5970 6501 5859 6210 6095 6289 6295 6330 6495 6029 6315 6121 6174 6089 6047 6063 6199 6059 6453 6300 6018 5730 6382 6182 6432 6044 6261 6286 6422 6119 6148 6108 6372 6146 6260 5956 6070 6564 6167 6154 6280 6480 6614 6448 5940 6521 6447 6466 5997 6423 6340 6309 6068 5970 6484 6108 6114 6300 6583 6367 6145 5981 6410 6238 6070 6088 6088 6126 6296 6098 6226 6068 6181 6118 6039 6356 6460 6204 6032 6141 5969 6446 6112 6303 6128 6359 6276 6195 6316 6051 6124 6078 6365 6056 6200 6634 6083 6359 6109 6200 6198 6454 6407 6484 6091 6364 6103 6242 6495 6215 6381 6391 6175 6071 6086 6579 6545 6349 6177 6148 6352 6545 6027 6299 6381 5984 6689 6368 6178 6323 6017 6393 5882 6147 6172 5853 6372 6255 6453 6414 6189 5770 6536 6365 6062 	6 6 6 6 6 6 5 6 6 6 6 6 6 6 6 6 6 6 6 5 6 6 6 6 6 6 6 6 6 6 6 5 6 6 6 6 6 6 5 6 6 6 6 6 5 6 5 6 6 6 6 6 6 6 6 5 6 5 6 6 6 6 6 6 6 6 6 6 6 6 6 6 6 6 6 6 5 6 6 6 6 6 6 6 6 6 6 6 6 6 5 6 6 6 6 6 6 6 6 5 6 6 6 5 6 6 6 6 5 6 6 6 6 6 6 6 5 6 6 6 6 6 6 6 6 6 6 6 6 6 6 6 6 6 6 5 6 6 6 6 6 6 6 6 6 6 6 6 6 6 6 6 6 6 6 6 6 6 6 6 6 6 6 6 6 6 6 6 6 6 6 6 6 6 6 6 6 6 6 6 5 6 6 6 6 6 6 5 6 6 5 6 6 6 6 6 5 6 6 6 	0
/media/caioh/EXTERNAL_HDD1/TCC_CAIO/site_testes_pequenos_performance/C_CPP_Benchmarks/executable_dir/return_0.exe 	return_0.exe	return_0.exe		native	0	927577 867465 879417 801982 898422 882102 850142 895578 881601 784470 855703 884125 791853 873295 787314 872435 790792 849691 757770 844221 782515 784519 836697 868065 832319 888675 892391 821679 778218 892351 885097 850963 845343 839643 879126 958815 896799 817420 836787 796843 832950 785942 798856 766355 774570 764141 767126 763089 845884 821078 761126 814666 803083 793666 817471 783938 883875 830195 765584 874477 860842 862646 836958 872263 833612 760965 883004 887181 865682 805198 795159 890748 813544 860252 798635 804487 802302 862836 829083 875209 828803 829172 880569 745015 859179 884677 800399 778959 833652 861924 842267 769722 860030 840875 847156 767798 849962 852306 830205 765975 875800 774440 854691 800609 859550 865281 833411 818212 845444 822450 827390 899564 835996 840354 773839 847457 789449 789648 788848 870651 789799 804797 801571 840484 856865 847176 810147 784139 787345 831968 865060 782916 885298 866814 851044 823131 875419 875129 792355 761086 871322 822140 820517 841366 769531 835815 867174 856524 815427 834744 860442 858257 833872 792324 775502 882584 796132 875860 781554 802052 769791 777406 772878 850192 802734 803104 834633 753060 859790 885748 884176 796632 845033 786634 845233 848239 868106 822491 879347 772006 867044 865732 795440 844842 870570 893163 820888 859019 777917 905757 848949 780272 775683 863026 828792 871141 787094 869950 776725 857286 	927 867 879 801 898 882 850 895 881 784 855 884 791 873 787 872 790 849 757 844 782 784 836 868 832 888 892 821 778 892 885 850 845 839 879 958 896 817 836 796 832 785 798 766 774 764 767 763 845 821 761 814 803 793 817 783 883 830 765 874 860 862 836 872 833 760 883 887 865 805 795 890 813 860 798 804 802 862 829 875 828 829 880 745 859 884 800 778 833 861 842 769 860 840 847 767 849 852 830 765 875 774 854 800 859 865 833 818 845 822 827 899 835 840 773 847 789 789 788 870 789 804 801 840 856 847 810 784 787 831 865 782 885 866 851 823 875 875 792 761 871 822 820 841 769 835 867 856 815 834 860 858 833 792 775 882 796 875 781 802 769 777 772 850 802 803 834 753 859 885 884 796 845 786 845 848 868 822 879 772 867 865 795 844 870 893 820 859 777 905 848 780 775 863 828 871 787 869 776 857 	0 0 0 0 0 0 0 0 0 0 0 0 0 0 0 0 0 0 0 0 0 0 0 0 0 0 0 0 0 0 0 0 0 0 0 0 0 0 0 0 0 0 0 0 0 0 0 0 0 0 0 0 0 0 0 0 0 0 0 0 0 0 0 0 0 0 0 0 0 0 0 0 0 0 0 0 0 0 0 0 0 0 0 0 0 0 0 0 0 0 0 0 0 0 0 0 0 0 0 0 0 0 0 0 0 0 0 0 0 0 0 0 0 0 0 0 0 0 0 0 0 0 0 0 0 0 0 0 0 0 0 0 0 0 0 0 0 0 0 0 0 0 0 0 0 0 0 0 0 0 0 0 0 0 0 0 0 0 0 0 0 0 0 0 0 0 0 0 0 0 0 0 0 0 0 0 0 0 0 0 0 0 0 0 0 0 0 0 0 0 0 0 0 0 0 0 0 0 0 0 	0
/media/caioh/EXTERNAL_HDD1/TCC_CAIO/seccomp/exec_program_seccomp --unshare all --apparmor-profile-exec restricted_native_web_app --fork --host-filesystem --no-seccomp /media/caioh/EXTERNAL_HDD1/TCC_CAIO/site_testes_pequenos_performance/C_CPP_Benchmarks/executable_dir/return_0.exe 	LLC	return_0.exe		custom_container	0	1996509 1918483 1837532 1888126 1712107 1801024 1848041 1975249 2001338 1894138 1827112 1856376 1849023 1846499 1855665 1777459 1798879 1782308 1884038 1905328 1847961 1836049 1734448 1827994 1858892 1882806 1713429 1848242 1856037 1650000 1688933 1853211 1705715 1756500 1793368 1758803 1700425 1725081 1858510 1798869 1939192 1813606 1808947 1936957 1944071 1746651 1776567 1712096 1670178 1685096 1712026 1807374 1935765 1910699 1849363 1796925 1858231 1902383 2494040 1849053 1872076 1941486 1850345 1736042 1840397 1768822 1934012 1893146 1846298 1809358 1730921 1852119 1899457 1897373 1809589 1681890 1741150 1779282 1851337 1901672 1813926 3531654 1850175 1732765 1807595 1755117 1797507 1882836 1835498 1694424 1696148 1716164 1777248 1922070 1946255 1751249 1775305 1768543 1814879 1706245 1812835 1900089 1750058 1723948 1796674 1714831 1707929 1733606 1677782 1639129 1780756 1715232 1621677 1810680 1974759 1899928 2055259 1824447 1820390 1933801 2021375 1838974 1927811 1777379 1831941 1874110 1807506 1790533 1789932 1879130 2350151 1833173 1739087 1689554 1790012 1715383 1822494 1893506 1772409 1887014 1753915 1765877 1788971 1816231 1693541 1792827 1744107 1747603 1944622 1774303 1690135 1795322 1835378 1782408 1735670 1775916 3347410 1831028 1883607 1811242 1777429 1743966 1788700 2078583 1770996 1932950 1768152 1731182 1831170 1753495 1849734 1826691 1825930 1766177 1842330 1866486 1837451 1878268 1743997 1836069 1739227 2027447 1970311 1943360 1778220 1711756 1735661 1781276 1852650 1870033 1727275 1812394 1836159 1883858 1826270 1823524 1767190 1795873 1871585 1896553 	1996 1918 1837 1888 1712 1801 1848 1975 2001 1894 1827 1856 1849 1846 1855 1777 1798 1782 1884 1905 1847 1836 1734 1827 1858 1882 1713 1848 1856 1650 1688 1853 1705 1756 1793 1758 1700 1725 1858 1798 1939 1813 1808 1936 1944 1746 1776 1712 1670 1685 1712 1807 1935 1910 1849 1796 1858 1902 2494 1849 1872 1941 1850 1736 1840 1768 1934 1893 1846 1809 1730 1852 1899 1897 1809 1681 1741 1779 1851 1901 1813 3531 1850 1732 1807 1755 1797 1882 1835 1694 1696 1716 1777 1922 1946 1751 1775 1768 1814 1706 1812 1900 1750 1723 1796 1714 1707 1733 1677 1639 1780 1715 1621 1810 1974 1899 2055 1824 1820 1933 2021 1838 1927 1777 1831 1874 1807 1790 1789 1879 2350 1833 1739 1689 1790 1715 1822 1893 1772 1887 1753 1765 1788 1816 1693 1792 1744 1747 1944 1774 1690 1795 1835 1782 1735 1775 3347 1831 1883 1811 1777 1743 1788 2078 1770 1932 1768 1731 1831 1753 1849 1826 1825 1766 1842 1866 1837 1878 1743 1836 1739 2027 1970 1943 1778 1711 1735 1781 1852 1870 1727 1812 1836 1883 1826 1823 1767 1795 1871 1896 	1 1 1 1 1 1 1 1 2 1 1 1 1 1 1 1 1 1 1 1 1 1 1 1 1 1 1 1 1 1 1 1 1 1 1 1 1 1 1 1 1 1 1 1 1 1 1 1 1 1 1 1 1 1 1 1 1 1 2 1 1 1 1 1 1 1 1 1 1 1 1 1 1 1 1 1 1 1 1 1 1 3 1 1 1 1 1 1 1 1 1 1 1 1 1 1 1 1 1 1 1 1 1 1 1 1 1 1 1 1 1 1 1 1 1 1 2 1 1 1 2 1 1 1 1 1 1 1 1 1 2 1 1 1 1 1 1 1 1 1 1 1 1 1 1 1 1 1 1 1 1 1 1 1 1 1 3 1 1 1 1 1 1 2 1 1 1 1 1 1 1 1 1 1 1 1 1 1 1 1 1 2 1 1 1 1 1 1 1 1 1 1 1 1 1 1 1 1 1 1 	0
/media/caioh/EXTERNAL_HDD1/TCC_CAIO/seccomp/exec_program_seccomp --unshare all --apparmor-profile-exec restricted_native_web_app --fork --no-seccomp --pivot-root /media/caioh/EXTERNAL_HDD1/TCC_CAIO/site_testes_pequenos_performance/C_CPP_Benchmarks/executable_dir /return_0.exe 	LLC(pivot-root)	return_0.exe		custom_container	0	1898655 2035782 2106135 1801864 2015755 1986069 1874300 1923613 2017630 1941165 1983925 1849844 1962176 1852189 1985009 1916839 1945312 1937678 2044129 1969318 1892463 2003322 1994836 1908524 1807175 1774293 1996759 1949291 1854714 2089362 2025253 1916790 1980479 1913224 1958108 1895630 1831470 1975049 1845156 1864091 1828945 1819028 2025703 1834156 1648237 1877627 1954571 2024402 2096596 1851317 2028879 2003012 1864581 2022758 2030352 1783049 1882746 1948890 1783370 1833514 1893987 1851938 1925095 1984046 1903706 1833373 1777007 1876465 1760948 1974387 1836560 2017799 1939442 1843102 1775195 2001208 1920036 1733337 1952487 1779162 1971893 1723328 1868860 1853351 1865835 1843382 3311882 1828665 1825037 1925606 1913544 2033308 1737624 1826742 1948078 1853411 1721885 1739318 1912010 1956624 1881655 1869752 1955622 1832843 1879620 1866836 1783952 1978075 1969859 2076729 2049007 1979778 2102687 1929374 1842531 1962546 1930756 1944431 1921849 1883348 2028238 2053656 1958748 1820761 1961403 1999696 2108278 2003853 1847690 1913394 1839555 1966693 1954992 1890020 1808486 1938931 2006547 1898506 1941727 1880292 2018430 2006938 3523019 1834105 1912422 1832211 1903014 2012379 1848643 1909997 2051632 1886403 1874361 1883126 1982524 1939232 1906501 1878097 1860244 1899747 2051422 1832232 1835798 1991540 1993644 1925817 1913323 1862047 2081849 1808296 2088883 2063384 2035101 1838443 2026346 1907352 2074235 1891673 1893487 1812845 1863821 1843092 2967608 2032567 1890100 1819537 2014172 1971623 1991529 1924083 1809489 1967625 1967805 1690306 1843934 1907332 1941235 1947728 1995928 2031174 	1898 2035 2106 1801 2015 1986 1874 1923 2017 1941 1983 1849 1962 1852 1985 1916 1945 1937 2044 1969 1892 2003 1994 1908 1807 1774 1996 1949 1854 2089 2025 1916 1980 1913 1958 1895 1831 1975 1845 1864 1828 1819 2025 1834 1648 1877 1954 2024 2096 1851 2028 2003 1864 2022 2030 1783 1882 1948 1783 1833 1893 1851 1925 1984 1903 1833 1777 1876 1760 1974 1836 2017 1939 1843 1775 2001 1920 1733 1952 1779 1971 1723 1868 1853 1865 1843 3311 1828 1825 1925 1913 2033 1737 1826 1948 1853 1721 1739 1912 1956 1881 1869 1955 1832 1879 1866 1783 1978 1969 2076 2049 1979 2102 1929 1842 1962 1930 1944 1921 1883 2028 2053 1958 1820 1961 1999 2108 2003 1847 1913 1839 1966 1954 1890 1808 1938 2006 1898 1941 1880 2018 2006 3523 1834 1912 1832 1903 2012 1848 1909 2051 1886 1874 1883 1982 1939 1906 1878 1860 1899 2051 1832 1835 1991 1993 1925 1913 1862 2081 1808 2088 2063 2035 1838 2026 1907 2074 1891 1893 1812 1863 1843 2967 2032 1890 1819 2014 1971 1991 1924 1809 1967 1967 1690 1843 1907 1941 1947 1995 2031 	1 2 2 1 2 1 1 1 2 1 1 1 1 1 1 1 1 1 2 1 1 2 1 1 1 1 1 1 1 2 2 1 1 1 1 1 1 1 1 1 1 1 2 1 1 1 1 2 2 1 2 2 1 2 2 1 1 1 1 1 1 1 1 1 1 1 1 1 1 1 1 2 1 1 1 2 1 1 1 1 1 1 1 1 1 1 3 1 1 1 1 2 1 1 1 1 1 1 1 1 1 1 1 1 1 1 1 1 1 2 2 1 2 1 1 1 1 1 1 1 2 2 1 1 1 1 2 2 1 1 1 1 1 1 1 1 2 1 1 1 2 2 3 1 1 1 1 2 1 1 2 1 1 1 1 1 1 1 1 1 2 1 1 1 1 1 1 1 2 1 2 2 2 1 2 1 2 1 1 1 1 1 2 2 1 1 2 1 1 1 1 1 1 1 1 1 1 1 1 2 	0
/media/caioh/EXTERNAL_HDD1/TCC_CAIO/seccomp/exec_program_seccomp --unshare all --apparmor-profile-exec restricted_native_web_app --fork --seccomp-syscalls rt_sigaction,uname,arch_prctl,mmap,execve,rseq,rt_sigprocmask,prlimit64,brk,ioctl,mprotect,set_robust_list,write,munmap,readlink,futex,madvise,clone3,set_tid_address,getrandom,newfstatat,exit_group,exit --pivot-root /media/caioh/EXTERNAL_HDD1/TCC_CAIO/site_testes_pequenos_performance/C_CPP_Benchmarks/executable_dir /return_0.exe 	LLC(seccomp)	return_0.exe		custom_container	0	2363607 2165575 2230467 2160888 2245545 2140790 2198407 4223339 2046734 2082119 2233051 2198898 2123668 2091106 2294398 2200881 2084674 2115222 2228343 2047504 2204088 2126292 2162129 2064617 2264771 2328901 2318062 2387441 2075096 2327760 2286453 2198527 2197406 2166718 2127093 2107287 2801166 2240577 2163572 2291041 2142944 2143995 2084394 2215620 2179662 2244234 2059006 2208907 2180675 2203707 2048296 2245295 2132423 2257829 2177909 2184572 2164895 2133775 2069325 2229245 1921158 2253811 3829933 2146591 2216180 2255995 2079515 2015515 2311488 2101216 2244022 2164394 2203817 2221310 2223545 2205290 2246327 2012259 2197114 2225609 2195923 2196373 2376832 2277205 2095034 2342237 2203837 2189581 2056000 2214978 2117456 2405766 2233773 2084535 2170053 2226109 2054277 2193709 2182067 2144256 2233404 2137172 2297312 2228965 2235166 2115843 2191284 2267837 2209218 2125471 2047766 2141521 2576615 2109240 2122426 2343308 2112507 2216351 2203778 2133225 2015695 2226489 2177999 2178340 2151821 2158973 2230939 2130811 2178420 2058024 2245526 2104320 2266415 2198137 2243322 2165075 2213105 2144676 2327149 2325064 2302232 2382000 2200842 2204829 2144687 2217633 2203637 2272456 2183910 2227832 2201895 2196614 2159163 2559493 2151911 2046613 2117777 2208195 2215961 2119118 2084283 2176336 2087280 2387231 2120902 2262006 2144517 2217713 2178891 2131622 2022317 2170435 2136302 2235547 3401842 2170835 2209509 2161307 2254973 2204740 2082480 2260784 2306540 2560195 2150959 2241347 2191444 2266415 2165265 2395667 2209168 2096886 2185333 2155036 2112897 2235758 2636227 2377744 2161759 2286502 	2363 2165 2230 2160 2245 2140 2198 4223 2046 2082 2233 2198 2123 2091 2294 2200 2084 2115 2228 2047 2204 2126 2162 2064 2264 2328 2318 2387 2075 2327 2286 2198 2197 2166 2127 2107 2801 2240 2163 2291 2142 2143 2084 2215 2179 2244 2059 2208 2180 2203 2048 2245 2132 2257 2177 2184 2164 2133 2069 2229 1921 2253 3829 2146 2216 2255 2079 2015 2311 2101 2244 2164 2203 2221 2223 2205 2246 2012 2197 2225 2195 2196 2376 2277 2095 2342 2203 2189 2056 2214 2117 2405 2233 2084 2170 2226 2054 2193 2182 2144 2233 2137 2297 2228 2235 2115 2191 2267 2209 2125 2047 2141 2576 2109 2122 2343 2112 2216 2203 2133 2015 2226 2177 2178 2151 2158 2230 2130 2178 2058 2245 2104 2266 2198 2243 2165 2213 2144 2327 2325 2302 2382 2200 2204 2144 2217 2203 2272 2183 2227 2201 2196 2159 2559 2151 2046 2117 2208 2215 2119 2084 2176 2087 2387 2120 2262 2144 2217 2178 2131 2022 2170 2136 2235 3401 2170 2209 2161 2254 2204 2082 2260 2306 2560 2150 2241 2191 2266 2165 2395 2209 2096 2185 2155 2112 2235 2636 2377 2161 2286 	2 2 2 2 2 2 2 4 2 2 2 2 2 2 2 2 2 2 2 2 2 2 2 2 2 2 2 2 2 2 2 2 2 2 2 2 2 2 2 2 2 2 2 2 2 2 2 2 2 2 2 2 2 2 2 2 2 2 2 2 1 2 3 2 2 2 2 2 2 2 2 2 2 2 2 2 2 2 2 2 2 2 2 2 2 2 2 2 2 2 2 2 2 2 2 2 2 2 2 2 2 2 2 2 2 2 2 2 2 2 2 2 2 2 2 2 2 2 2 2 2 2 2 2 2 2 2 2 2 2 2 2 2 2 2 2 2 2 2 2 2 2 2 2 2 2 2 2 2 2 2 2 2 2 2 2 2 2 2 2 2 2 2 2 2 2 2 2 2 2 2 2 2 2 3 2 2 2 2 2 2 2 2 2 2 2 2 2 2 2 2 2 2 2 2 2 2 2 2 2 	0
/media/caioh/EXTERNAL_HDD1/TCC_CAIO/site_testes_pequenos_performance/C_CPP_Benchmarks/executable_dir/bubble_sort.exe 10000	bubble_sort.exe	bubble_sort.exe	10000	native	0	896299 968033 923229 942485 1021414 856855 1074132 860432 914453 928269 873606 915314 881551 933548 921435 936183 861934 916967 882353 974374 	896 968 923 942 1021 856 1074 860 914 928 873 915 881 933 921 936 861 916 882 974 	0 0 0 0 1 0 1 0 0 0 0 0 0 0 0 0 0 0 0 0 	0
/media/caioh/EXTERNAL_HDD1/TCC_CAIO/seccomp/exec_program_seccomp --unshare all --apparmor-profile-exec restricted_native_web_app --fork --host-filesystem --no-seccomp /media/caioh/EXTERNAL_HDD1/TCC_CAIO/site_testes_pequenos_performance/C_CPP_Benchmarks/executable_dir/bubble_sort.exe 10000	LLC	bubble_sort.exe	10000	custom_container	0	1947848 1962456 1811312 1930586 2017018 1863219 1830228 1996349 1766298 1797607 2041233 1866826 1912663 2032265 1891843 1918393 1919986 1863901 1900671 1955312 	1947 1962 1811 1930 2017 1863 1830 1996 1766 1797 2041 1866 1912 2032 1891 1918 1919 1863 1900 1955 	1 1 1 1 2 1 1 1 1 1 2 1 1 2 1 1 1 1 1 1 	0
/media/caioh/EXTERNAL_HDD1/TCC_CAIO/seccomp/exec_program_seccomp --unshare all --apparmor-profile-exec restricted_native_web_app --fork --no-seccomp --pivot-root /media/caioh/EXTERNAL_HDD1/TCC_CAIO/site_testes_pequenos_performance/C_CPP_Benchmarks/executable_dir /bubble_sort.exe 10000	LLC(pivot-root)	bubble_sort.exe	10000	custom_container	0	2041654 1905659 1944061 1888166 2038658 1853571 2044429 2139758 2038838 1970080 1946786 1990828 1912963 1939382 1947477 2029391 2084964 1905419 2102839 1880010 	2041 1905 1944 1888 2038 1853 2044 2139 2038 1970 1946 1990 1912 1939 1947 2029 2084 1905 2102 1880 	2 1 1 1 2 1 2 2 2 1 1 1 1 1 1 2 2 1 2 1 	0
/media/caioh/EXTERNAL_HDD1/TCC_CAIO/seccomp/exec_program_seccomp --unshare all --apparmor-profile-exec restricted_native_web_app --fork --seccomp-syscalls rt_sigaction,uname,arch_prctl,mmap,execve,rseq,rt_sigprocmask,prlimit64,brk,ioctl,mprotect,set_robust_list,write,munmap,readlink,futex,madvise,clone3,set_tid_address,getrandom,newfstatat,exit_group,exit --pivot-root /media/caioh/EXTERNAL_HDD1/TCC_CAIO/site_testes_pequenos_performance/C_CPP_Benchmarks/executable_dir /bubble_sort.exe 10000	LLC(seccomp)	bubble_sort.exe	10000	custom_container	0	2310066 2269160 2282274 2166097 2305908 2312672 2149596 2365510 2278106 2175755 2392621 2259673 2393752 2636729 2330224 2288085 2337939 2259030 2112056 2105854 	2310 2269 2282 2166 2305 2312 2149 2365 2278 2175 2392 2259 2393 2636 2330 2288 2337 2259 2112 2105 	2 2 2 2 2 2 2 2 2 2 2 2 2 2 2 2 2 2 2 2 	0
/media/caioh/EXTERNAL_HDD1/TCC_CAIO/site_testes_pequenos_performance/C_CPP_Benchmarks/executable_dir/linear_search.exe 10000000	linear_search.exe	linear_search.exe	10000000	native	0	23263148 22670037 22646583 22645561 22918013 22482998 22852309 22753946 22515038 22619483 22538161 23022809 24527647 23785538 22913384 22496484 23321678 23032127 22884390 23222953 	23263 22670 22646 22645 22918 22482 22852 22753 22515 22619 22538 23022 24527 23785 22913 22496 23321 23032 22884 23222 	23 22 22 22 22 22 22 22 22 22 22 23 24 23 22 22 23 23 22 23 	0
/media/caioh/EXTERNAL_HDD1/TCC_CAIO/seccomp/exec_program_seccomp --unshare all --apparmor-profile-exec restricted_native_web_app --fork --host-filesystem --no-seccomp /media/caioh/EXTERNAL_HDD1/TCC_CAIO/site_testes_pequenos_performance/C_CPP_Benchmarks/executable_dir/linear_search.exe 10000000	LLC	linear_search.exe	10000000	custom_container	0	24635888 24271247 23718502 24893221 24558505 24098173 24088134 23649162 23914018 24336590 24126435 24117189 24121647 24379480 23831532 24482222 24207107 24187109 24817901 23775619 	24635 24271 23718 24893 24558 24098 24088 23649 23914 24336 24126 24117 24121 24379 23831 24482 24207 24187 24817 23775 	24 24 23 24 24 24 24 23 23 24 24 24 24 24 23 24 24 24 24 23 	0
/media/caioh/EXTERNAL_HDD1/TCC_CAIO/seccomp/exec_program_seccomp --unshare all --apparmor-profile-exec restricted_native_web_app --fork --no-seccomp --pivot-root /media/caioh/EXTERNAL_HDD1/TCC_CAIO/site_testes_pequenos_performance/C_CPP_Benchmarks/executable_dir /linear_search.exe 10000000	LLC(pivot-root)	linear_search.exe	10000000	custom_container	0	24085509 24292707 24375022 24429133 24475999 24512489 24558204 24397373 24615152 24250849 24698658 24641580 24497030 24161062 24624388 24242874 24418514 24119023 23976324 24175228 	24085 24292 24375 24429 24475 24512 24558 24397 24615 24250 24698 24641 24497 24161 24624 24242 24418 24119 23976 24175 	24 24 24 24 24 24 24 24 24 24 24 24 24 24 24 24 24 24 23 24 	0
/media/caioh/EXTERNAL_HDD1/TCC_CAIO/seccomp/exec_program_seccomp --unshare all --apparmor-profile-exec restricted_native_web_app --fork --seccomp-syscalls rt_sigaction,uname,arch_prctl,mmap,execve,rseq,rt_sigprocmask,prlimit64,brk,ioctl,mprotect,set_robust_list,write,munmap,readlink,futex,madvise,clone3,set_tid_address,getrandom,newfstatat,exit_group,exit --pivot-root /media/caioh/EXTERNAL_HDD1/TCC_CAIO/site_testes_pequenos_performance/C_CPP_Benchmarks/executable_dir /linear_search.exe 10000000	LLC(seccomp)	linear_search.exe	10000000	custom_container	0	27569034 28070744 27349092 27307754 27508010 27204660 27190966 27624759 27532375 27225139 27008224 27380782 27504805 26973098 27306441 27652992 27341788 27894403 27247873 27452795 	27569 28070 27349 27307 27508 27204 27190 27624 27532 27225 27008 27380 27504 26973 27306 27652 27341 27894 27247 27452 	27 28 27 27 27 27 27 27 27 27 27 27 27 26 27 27 27 27 27 27 	0
/media/caioh/EXTERNAL_HDD1/TCC_CAIO/site_testes_pequenos_performance/C_CPP_Benchmarks/executable_dir/single_thread_no_op_loop.exe 1000000000	single_thread_no_op_loop.exe	single_thread_no_op_loop.exe	1000000000	native	0	979455 963304 938277 875510 864039 919833 987128 975287 836526 944419 920084 941794 868817 871302 837799 948827 860692 856894 861704 843410 	979 963 938 875 864 919 987 975 836 944 920 941 868 871 837 948 860 856 861 843 	0 0 0 0 0 0 0 0 0 0 0 0 0 0 0 0 0 0 0 0 	0
/media/caioh/EXTERNAL_HDD1/TCC_CAIO/seccomp/exec_program_seccomp --unshare all --apparmor-profile-exec restricted_native_web_app --fork --host-filesystem --no-seccomp /media/caioh/EXTERNAL_HDD1/TCC_CAIO/site_testes_pequenos_performance/C_CPP_Benchmarks/executable_dir/single_thread_no_op_loop.exe 1000000000	LLC	single_thread_no_op_loop.exe	1000000000	custom_container	0	2123918 1965682 2007090 1940204 1961734 2046422 1877275 1806313 1800472 1821130 2016317 1964780 1847028 1929875 1992691 1867748 1872778 1923834 1748424 1981171 	2123 1965 2007 1940 1961 2046 1877 1806 1800 1821 2016 1964 1847 1929 1992 1867 1872 1923 1748 1981 	2 1 2 1 1 2 1 1 1 1 2 1 1 1 1 1 1 1 1 1 	0
/media/caioh/EXTERNAL_HDD1/TCC_CAIO/seccomp/exec_program_seccomp --unshare all --apparmor-profile-exec restricted_native_web_app --fork --no-seccomp --pivot-root /media/caioh/EXTERNAL_HDD1/TCC_CAIO/site_testes_pequenos_performance/C_CPP_Benchmarks/executable_dir /single_thread_no_op_loop.exe 1000000000	LLC(pivot-root)	single_thread_no_op_loop.exe	1000000000	custom_container	0	2090665 2124679 2071750 2044920 1987222 1989897 1953118 2286182 2055970 2001829 1870153 1976501 2058736 2002150 2005386 2018019 2147252 1930205 2090395 1992181 	2090 2124 2071 2044 1987 1989 1953 2286 2055 2001 1870 1976 2058 2002 2005 2018 2147 1930 2090 1992 	2 2 2 2 1 1 1 2 2 2 1 1 2 2 2 2 2 1 2 1 	0
/media/caioh/EXTERNAL_HDD1/TCC_CAIO/seccomp/exec_program_seccomp --unshare all --apparmor-profile-exec restricted_native_web_app --fork --seccomp-syscalls rt_sigaction,uname,arch_prctl,mmap,execve,rseq,rt_sigprocmask,prlimit64,brk,ioctl,mprotect,set_robust_list,write,munmap,readlink,futex,madvise,clone3,set_tid_address,getrandom,newfstatat,exit_group,exit --pivot-root /media/caioh/EXTERNAL_HDD1/TCC_CAIO/site_testes_pequenos_performance/C_CPP_Benchmarks/executable_dir /single_thread_no_op_loop.exe 1000000000	LLC(seccomp)	single_thread_no_op_loop.exe	1000000000	custom_container	0	2408482 2140860 2259581 2185212 2101876 2488861 2321108 2220298 2394435 2287535 2253671 2304116 2024291 2317971 2199169 2383573 2206333 2240476 2086237 2174663 	2408 2140 2259 2185 2101 2488 2321 2220 2394 2287 2253 2304 2024 2317 2199 2383 2206 2240 2086 2174 	2 2 2 2 2 2 2 2 2 2 2 2 2 2 2 2 2 2 2 2 	0
/media/caioh/EXTERNAL_HDD1/TCC_CAIO/site_testes_pequenos_performance/C_CPP_Benchmarks/executable_dir/prime_number.exe 919393	prime_number.exe	prime_number.exe	919393	native	0	2795365 2737347 2707250 2693044 2676754 2635024 2697783 2846490 2826604 2811936 2788123 2744541 2739881 2893400 2888369 2802529 2783953 2694236 2738168 2741204 	2795 2737 2707 2693 2676 2635 2697 2846 2826 2811 2788 2744 2739 2893 2888 2802 2783 2694 2738 2741 	2 2 2 2 2 2 2 2 2 2 2 2 2 2 2 2 2 2 2 2 	0
/media/caioh/EXTERNAL_HDD1/TCC_CAIO/seccomp/exec_program_seccomp --unshare all --apparmor-profile-exec restricted_native_web_app --fork --host-filesystem --no-seccomp /media/caioh/EXTERNAL_HDD1/TCC_CAIO/site_testes_pequenos_performance/C_CPP_Benchmarks/executable_dir/prime_number.exe 919393	LLC	prime_number.exe	919393	custom_container	0	3984142 3879066 3800978 3685243 3709196 3729977 3984051 3801209 4137299 3710560 3736668 3691714 3617316 3813832 3729616 3739333 3684050 3679971 3693077 3640178 	3984 3879 3800 3685 3709 3729 3984 3801 4137 3710 3736 3691 3617 3813 3729 3739 3684 3679 3693 3640 	3 3 3 3 3 3 3 3 4 3 3 3 3 3 3 3 3 3 3 3 	0
/media/caioh/EXTERNAL_HDD1/TCC_CAIO/seccomp/exec_program_seccomp --unshare all --apparmor-profile-exec restricted_native_web_app --fork --no-seccomp --pivot-root /media/caioh/EXTERNAL_HDD1/TCC_CAIO/site_testes_pequenos_performance/C_CPP_Benchmarks/executable_dir /prime_number.exe 919393	LLC(pivot-root)	prime_number.exe	919393	custom_container	0	4045447 3842376 5244491 3916856 3934579 4024979 3918739 3791961 3931294 3953685 3861483 3778806 3995945 3808102 4485530 3803525 3879726 4073790 3902188 3631972 	4045 3842 5244 3916 3934 4024 3918 3791 3931 3953 3861 3778 3995 3808 4485 3803 3879 4073 3902 3631 	4 3 5 3 3 4 3 3 3 3 3 3 3 3 4 3 3 4 3 3 	0
/media/caioh/EXTERNAL_HDD1/TCC_CAIO/seccomp/exec_program_seccomp --unshare all --apparmor-profile-exec restricted_native_web_app --fork --seccomp-syscalls rt_sigaction,uname,arch_prctl,mmap,execve,rseq,rt_sigprocmask,prlimit64,brk,ioctl,mprotect,set_robust_list,write,munmap,readlink,futex,madvise,clone3,set_tid_address,getrandom,newfstatat,exit_group,exit --pivot-root /media/caioh/EXTERNAL_HDD1/TCC_CAIO/site_testes_pequenos_performance/C_CPP_Benchmarks/executable_dir /prime_number.exe 919393	LLC(seccomp)	prime_number.exe	919393	custom_container	0	4214294 4063110 4210887 4078128 4245361 3999431 4203222 4033886 4184085 3985253 4076836 4082236 4235873 3883222 4210766 4089430 4206899 4013066 3947763 4137088 	4214 4063 4210 4078 4245 3999 4203 4033 4184 3985 4076 4082 4235 3883 4210 4089 4206 4013 3947 4137 	4 4 4 4 4 3 4 4 4 3 4 4 4 3 4 4 4 4 3 4 	0
/media/caioh/EXTERNAL_HDD1/TCC_CAIO/site_testes_pequenos_performance/C_CPP_Benchmarks/executable_dir/prime_number.exe 2147483647	prime_number.exe	prime_number.exe	2147483647	native	0	4073497011 4073421640 4073542774 4089469799 4072967824 4072820371 4097563815 4073030915 4073589220 4073458409 4073126116 4087596694 4073112406 4073077757 4073330136 4073176554 4073799135 4073418344 4073890320 4073022175 	4073497 4073421 4073542 4089469 4072967 4072820 4097563 4073030 4073589 4073458 4073126 4087596 4073112 4073077 4073330 4073176 4073799 4073418 4073890 4073022 	4073 4073 4073 4089 4072 4072 4097 4073 4073 4073 4073 4087 4073 4073 4073 4073 4073 4073 4073 4073 	0
/media/caioh/EXTERNAL_HDD1/TCC_CAIO/seccomp/exec_program_seccomp --unshare all --apparmor-profile-exec restricted_native_web_app --fork --host-filesystem --no-seccomp /media/caioh/EXTERNAL_HDD1/TCC_CAIO/site_testes_pequenos_performance/C_CPP_Benchmarks/executable_dir/prime_number.exe 2147483647	LLC	prime_number.exe	2147483647	custom_container	0	4074863608 4074515432 4074561576 4075385827 4074130719 4074375597 4074168353 4074222059 4074694233 4074333441 4074538244 4074115476 4074261465 4074608207 4075186451 4074035035 4074356720 4074342295 4074221733 4074225229 	4074863 4074515 4074561 4075385 4074130 4074375 4074168 4074222 4074694 4074333 4074538 4074115 4074261 4074608 4075186 4074035 4074356 4074342 4074221 4074225 	4074 4074 4074 4075 4074 4074 4074 4074 4074 4074 4074 4074 4074 4074 4075 4074 4074 4074 4074 4074 	0
/media/caioh/EXTERNAL_HDD1/TCC_CAIO/seccomp/exec_program_seccomp --unshare all --apparmor-profile-exec restricted_native_web_app --fork --no-seccomp --pivot-root /media/caioh/EXTERNAL_HDD1/TCC_CAIO/site_testes_pequenos_performance/C_CPP_Benchmarks/executable_dir /prime_number.exe 2147483647	LLC(pivot-root)	prime_number.exe	2147483647	custom_container	0	4074641502 4074516849 4074493672 4074148067 4074650683 4074253051 4074563759 4074207813 4074196043 4074154409 4074447240 4074313075 4074093024 4074216956 4074448572 4074975444 4074751743 4074222713 4074459260 4074313533 	4074641 4074516 4074493 4074148 4074650 4074253 4074563 4074207 4074196 4074154 4074447 4074313 4074093 4074216 4074448 4074975 4074751 4074222 4074459 4074313 	4074 4074 4074 4074 4074 4074 4074 4074 4074 4074 4074 4074 4074 4074 4074 4074 4074 4074 4074 4074 	0
/media/caioh/EXTERNAL_HDD1/TCC_CAIO/seccomp/exec_program_seccomp --unshare all --apparmor-profile-exec restricted_native_web_app --fork --seccomp-syscalls rt_sigaction,uname,arch_prctl,mmap,execve,rseq,rt_sigprocmask,prlimit64,brk,ioctl,mprotect,set_robust_list,write,munmap,readlink,futex,madvise,clone3,set_tid_address,getrandom,newfstatat,exit_group,exit --pivot-root /media/caioh/EXTERNAL_HDD1/TCC_CAIO/site_testes_pequenos_performance/C_CPP_Benchmarks/executable_dir /prime_number.exe 2147483647	LLC(seccomp)	prime_number.exe	2147483647	custom_container	0	4075200375 4075154890 4074798634 4074653057 4074800518 4074835983 4079463543 4075167898 4074939510 4074968416 4074747500 4074660224 4074563977 4074708684 4074628827 4077020745 4074786380 4074528522 4074265318 4074720908 	4075200 4075154 4074798 4074653 4074800 4074835 4079463 4075167 4074939 4074968 4074747 4074660 4074563 4074708 4074628 4077020 4074786 4074528 4074265 4074720 	4075 4075 4074 4074 4074 4074 4079 4075 4074 4074 4074 4074 4074 4074 4074 4077 4074 4074 4074 4074 	0
/media/caioh/EXTERNAL_HDD1/TCC_CAIO/site_testes_pequenos_performance/C_CPP_Benchmarks/executable_dir/matrix_addition_single_multi.exe 10000 10 1 multi	matrix_addition_single_multi.exe	matrix_addition_single_multi.exe	10000 10 1 multi	native	0	1240108 1076584 1029385 1034335 1081473 1000352 1074400 1117820 949396 1038022 1094427 1018565 1007766 997636 1012474 1026661 1096380 1009860 1078447 995683 	1240 1076 1029 1034 1081 1000 1074 1117 949 1038 1094 1018 1007 997 1012 1026 1096 1009 1078 995 	1 1 1 1 1 1 1 1 0 1 1 1 1 0 1 1 1 1 1 0 	0
/media/caioh/EXTERNAL_HDD1/TCC_CAIO/seccomp/exec_program_seccomp --unshare all --apparmor-profile-exec restricted_native_web_app --fork --host-filesystem --no-seccomp /media/caioh/EXTERNAL_HDD1/TCC_CAIO/site_testes_pequenos_performance/C_CPP_Benchmarks/executable_dir/matrix_addition_single_multi.exe 10000 10 1 multi	LLC	matrix_addition_single_multi.exe	10000 10 1 multi	custom_container	0	2107903 2072848 2089248 1980636 1965137 1879838 2063901 2057549 2020861 1987520 1964466 2051208 2006604 2113823 2082396 2050676 2165882 1948837 1941523 2023266 	2107 2072 2089 1980 1965 1879 2063 2057 2020 1987 1964 2051 2006 2113 2082 2050 2165 1948 1941 2023 	2 2 2 1 1 1 2 2 2 1 1 2 2 2 2 2 2 1 1 2 	0
/media/caioh/EXTERNAL_HDD1/TCC_CAIO/seccomp/exec_program_seccomp --unshare all --apparmor-profile-exec restricted_native_web_app --fork --no-seccomp --pivot-root /media/caioh/EXTERNAL_HDD1/TCC_CAIO/site_testes_pequenos_performance/C_CPP_Benchmarks/executable_dir /matrix_addition_single_multi.exe 10000 10 1 multi	LLC(pivot-root)	matrix_addition_single_multi.exe	10000 10 1 multi	custom_container	0	2077797 2065533 2203641 2226574 2182141 2095671 1880349 2011413 2106490 2213249 1998009 2000092 1865772 2270326 2043413 2197239 1971389 2032573 2078198 2090311 	2077 2065 2203 2226 2182 2095 1880 2011 2106 2213 1998 2000 1865 2270 2043 2197 1971 2032 2078 2090 	2 2 2 2 2 2 1 2 2 2 1 2 1 2 2 2 1 2 2 2 	0
/media/caioh/EXTERNAL_HDD1/TCC_CAIO/seccomp/exec_program_seccomp --unshare all --apparmor-profile-exec restricted_native_web_app --fork --seccomp-syscalls rt_sigaction,uname,arch_prctl,mmap,execve,rseq,rt_sigprocmask,prlimit64,brk,ioctl,mprotect,set_robust_list,write,munmap,readlink,futex,madvise,clone3,set_tid_address,getrandom,newfstatat,exit_group,exit --pivot-root /media/caioh/EXTERNAL_HDD1/TCC_CAIO/site_testes_pequenos_performance/C_CPP_Benchmarks/executable_dir /matrix_addition_single_multi.exe 10000 10 1 multi	LLC(seccomp)	matrix_addition_single_multi.exe	10000 10 1 multi	custom_container	0	2538173 2321271 2347829 2404205 2555756 2517035 2495584 2365813 2397903 2422067 2374639 2315669 2440582 2414534 2430643 2383777 2571805 2483843 2359572 2380530 	2538 2321 2347 2404 2555 2517 2495 2365 2397 2422 2374 2315 2440 2414 2430 2383 2571 2483 2359 2380 	2 2 2 2 2 2 2 2 2 2 2 2 2 2 2 2 2 2 2 2 	0
/media/caioh/EXTERNAL_HDD1/TCC_CAIO/site_testes_pequenos_performance/C_CPP_Benchmarks/executable_dir/multi_thread_no_op_loop.exe 1000000000 6	multi_thread_no_op_loop.exe	multi_thread_no_op_loop.exe	1000000000 6	native	0	1117170 991636 990253 992327 946091 993369 1010290 1079349 994390 938937 1040196 1056206 1059993 1034044 1066234 974824 943506 1058039 1017353 1015840 	1117 991 990 992 946 993 1010 1079 994 938 1040 1056 1059 1034 1066 974 943 1058 1017 1015 	1 0 0 0 0 0 1 1 0 0 1 1 1 1 1 0 0 1 1 1 	0
/media/caioh/EXTERNAL_HDD1/TCC_CAIO/seccomp/exec_program_seccomp --unshare all --apparmor-profile-exec restricted_native_web_app --fork --host-filesystem --no-seccomp /media/caioh/EXTERNAL_HDD1/TCC_CAIO/site_testes_pequenos_performance/C_CPP_Benchmarks/executable_dir/multi_thread_no_op_loop.exe 1000000000 6	LLC	multi_thread_no_op_loop.exe	1000000000 6	custom_container	0	2155452 1978022 2149641 1889607 2028364 2066857 2007246 1888004 1972642 2009299 2007927 1956881 1940000 2011674 1937957 1948297 2114586 2001204 1988631 2094047 	2155 1978 2149 1889 2028 2066 2007 1888 1972 2009 2007 1956 1940 2011 1937 1948 2114 2001 1988 2094 	2 1 2 1 2 2 2 1 1 2 2 1 1 2 1 1 2 2 1 2 	0
/media/caioh/EXTERNAL_HDD1/TCC_CAIO/seccomp/exec_program_seccomp --unshare all --apparmor-profile-exec restricted_native_web_app --fork --no-seccomp --pivot-root /media/caioh/EXTERNAL_HDD1/TCC_CAIO/site_testes_pequenos_performance/C_CPP_Benchmarks/executable_dir /multi_thread_no_op_loop.exe 1000000000 6	LLC(pivot-root)	multi_thread_no_op_loop.exe	1000000000 6	custom_container	0	2129884 2298037 1988010 1901659 2106170 2062969 2069272 1913541 2098386 1995764 1952815 2137908 2086804 2062369 2055325 2078949 2018717 2107432 2091692 2137809 	2129 2298 1988 1901 2106 2062 2069 1913 2098 1995 1952 2137 2086 2062 2055 2078 2018 2107 2091 2137 	2 2 1 1 2 2 2 1 2 1 1 2 2 2 2 2 2 2 2 2 	0
/media/caioh/EXTERNAL_HDD1/TCC_CAIO/seccomp/exec_program_seccomp --unshare all --apparmor-profile-exec restricted_native_web_app --fork --seccomp-syscalls rt_sigaction,uname,arch_prctl,mmap,execve,rseq,rt_sigprocmask,prlimit64,brk,ioctl,mprotect,set_robust_list,write,munmap,readlink,futex,madvise,clone3,set_tid_address,getrandom,newfstatat,exit_group,exit --pivot-root /media/caioh/EXTERNAL_HDD1/TCC_CAIO/site_testes_pequenos_performance/C_CPP_Benchmarks/executable_dir /multi_thread_no_op_loop.exe 1000000000 6	LLC(seccomp)	multi_thread_no_op_loop.exe	1000000000 6	custom_container	0	2391220 2611301 2354803 2263102 2217307 2367857 2402651 2353771 2402902 2365813 2286876 2399015 2306753 2201257 2414944 2288720 2489492 2136036 2396751 2356275 	2391 2611 2354 2263 2217 2367 2402 2353 2402 2365 2286 2399 2306 2201 2414 2288 2489 2136 2396 2356 	2 2 2 2 2 2 2 2 2 2 2 2 2 2 2 2 2 2 2 2 	0
/media/caioh/EXTERNAL_HDD1/TCC_CAIO/site_testes_pequenos_performance/C_CPP_Benchmarks/executable_dir/prime_number_multi.exe 2147483647 6	prime_number_multi.exe	prime_number_multi.exe	2147483647 6	native	0	4089287614 4082747673 4079527487 4084016923 4084049015 4084933124 4084221127 4091504183 4080761719 4090329052 4095194893 4093307996 4087186664 4080346258 4097473834 4078451163 4094548533 4079290068 4092714987 4079669798 	4089287 4082747 4079527 4084016 4084049 4084933 4084221 4091504 4080761 4090329 4095194 4093307 4087186 4080346 4097473 4078451 4094548 4079290 4092714 4079669 	4089 4082 4079 4084 4084 4084 4084 4091 4080 4090 4095 4093 4087 4080 4097 4078 4094 4079 4092 4079 	0
/media/caioh/EXTERNAL_HDD1/TCC_CAIO/seccomp/exec_program_seccomp --unshare all --apparmor-profile-exec restricted_native_web_app --fork --host-filesystem --no-seccomp /media/caioh/EXTERNAL_HDD1/TCC_CAIO/site_testes_pequenos_performance/C_CPP_Benchmarks/executable_dir/prime_number_multi.exe 2147483647 6	LLC	prime_number_multi.exe	2147483647 6	custom_container	0	4091194093 4079774587 4075778698 4090271348 4080884006 4076049110 4075467304 4074315548 4083306180 4106893082 4100463381 4075394902 4075328190 4090597441 4092027169 4093730094 4079532841 4101571414 4088316612 4090572251 	4091194 4079774 4075778 4090271 4080884 4076049 4075467 4074315 4083306 4106893 4100463 4075394 4075328 4090597 4092027 4093730 4079532 4101571 4088316 4090572 	4091 4079 4075 4090 4080 4076 4075 4074 4083 4106 4100 4075 4075 4090 4092 4093 4079 4101 4088 4090 	0
/media/caioh/EXTERNAL_HDD1/TCC_CAIO/seccomp/exec_program_seccomp --unshare all --apparmor-profile-exec restricted_native_web_app --fork --no-seccomp --pivot-root /media/caioh/EXTERNAL_HDD1/TCC_CAIO/site_testes_pequenos_performance/C_CPP_Benchmarks/executable_dir /prime_number_multi.exe 2147483647 6	LLC(pivot-root)	prime_number_multi.exe	2147483647 6	custom_container	0	4082542218 4081214727 4090343869 4099147203 4083357208 4085534793 4078363702 4076197544 4094445595 4080266890 4085998574 4080243327 4095405944 4079479894 4076677573 4081654619 4076378791 4080836988 4081471903 4079009165 	4082542 4081214 4090343 4099147 4083357 4085534 4078363 4076197 4094445 4080266 4085998 4080243 4095405 4079479 4076677 4081654 4076378 4080836 4081471 4079009 	4082 4081 4090 4099 4083 4085 4078 4076 4094 4080 4085 4080 4095 4079 4076 4081 4076 4080 4081 4079 	0
/media/caioh/EXTERNAL_HDD1/TCC_CAIO/seccomp/exec_program_seccomp --unshare all --apparmor-profile-exec restricted_native_web_app --fork --seccomp-syscalls rt_sigaction,uname,arch_prctl,mmap,execve,rseq,rt_sigprocmask,prlimit64,brk,ioctl,mprotect,set_robust_list,write,munmap,readlink,futex,madvise,clone3,set_tid_address,getrandom,newfstatat,exit_group,exit --pivot-root /media/caioh/EXTERNAL_HDD1/TCC_CAIO/site_testes_pequenos_performance/C_CPP_Benchmarks/executable_dir /prime_number_multi.exe 2147483647 6	LLC(seccomp)	prime_number_multi.exe	2147483647 6	custom_container	0	4084949525 4087543083 4078712065 4087502819 4083516585 4080647144 4084989951 4091350205 4084329011 4086974278 4077368887 4085633111 4074737860 4080461670 4081259343 4078970063 4080173655 4085340050 4076208329 4081340150 	4084949 4087543 4078712 4087502 4083516 4080647 4084989 4091350 4084329 4086974 4077368 4085633 4074737 4080461 4081259 4078970 4080173 4085340 4076208 4081340 	4084 4087 4078 4087 4083 4080 4084 4091 4084 4086 4077 4085 4074 4080 4081 4078 4080 4085 4076 4081 	0
/media/caioh/EXTERNAL_HDD1/TCC_CAIO/site_testes_pequenos_performance/C_CPP_Benchmarks/executable_dir/fibonnaci_multi.exe 999999999 6	fibonnaci_multi.exe	fibonnaci_multi.exe	999999999 6	native	0	1037475 946414 1012688 992620 1024851 1021835 1012098 981019 918963 993372 917590 1005174 1013960 926377 960771 929953 972032 944020 1066199 978374 	1037 946 1012 992 1024 1021 1012 981 918 993 917 1005 1013 926 960 929 972 944 1066 978 	1 0 1 0 1 1 1 0 0 0 0 1 1 0 0 0 0 0 1 0 	0
/media/caioh/EXTERNAL_HDD1/TCC_CAIO/seccomp/exec_program_seccomp --unshare all --apparmor-profile-exec restricted_native_web_app --fork --host-filesystem --no-seccomp /media/caioh/EXTERNAL_HDD1/TCC_CAIO/site_testes_pequenos_performance/C_CPP_Benchmarks/executable_dir/fibonnaci_multi.exe 999999999 6	LLC	fibonnaci_multi.exe	999999999 6	custom_container	0	1994078 2096920 1921241 2010840 2022231 1964552 1903688 2051936 1846161 1965584 1873823 1908688 1845120 2057918 1867019 1993828 1914399 2073828 2037228 2212648 	1994 2096 1921 2010 2022 1964 1903 2051 1846 1965 1873 1908 1845 2057 1867 1993 1914 2073 2037 2212 	1 2 1 2 2 1 1 2 1 1 1 1 1 2 1 1 1 2 2 2 	0
/media/caioh/EXTERNAL_HDD1/TCC_CAIO/seccomp/exec_program_seccomp --unshare all --apparmor-profile-exec restricted_native_web_app --fork --no-seccomp --pivot-root /media/caioh/EXTERNAL_HDD1/TCC_CAIO/site_testes_pequenos_performance/C_CPP_Benchmarks/executable_dir /fibonnaci_multi.exe 999999999 6	LLC(pivot-root)	fibonnaci_multi.exe	999999999 6	custom_container	0	2191548 2133039 2031017 2026338 2095899 2068768 1957700 1998556 2067966 1993978 2102862 2153216 2142827 2115065 1989079 2068527 2087283 1966888 1986544 1992856 	2191 2133 2031 2026 2095 2068 1957 1998 2067 1993 2102 2153 2142 2115 1989 2068 2087 1966 1986 1992 	2 2 2 2 2 2 1 1 2 1 2 2 2 2 1 2 2 1 1 1 	0
/media/caioh/EXTERNAL_HDD1/TCC_CAIO/seccomp/exec_program_seccomp --unshare all --apparmor-profile-exec restricted_native_web_app --fork --seccomp-syscalls rt_sigaction,uname,arch_prctl,mmap,execve,rseq,rt_sigprocmask,prlimit64,brk,ioctl,mprotect,set_robust_list,write,munmap,readlink,futex,madvise,clone3,set_tid_address,getrandom,newfstatat,exit_group,exit --pivot-root /media/caioh/EXTERNAL_HDD1/TCC_CAIO/site_testes_pequenos_performance/C_CPP_Benchmarks/executable_dir /fibonnaci_multi.exe 999999999 6	LLC(seccomp)	fibonnaci_multi.exe	999999999 6	custom_container	0	2240539 2225301 2210564 2276928 2333905 2235251 2363200 2358631 2096029 2426268 2273743 2438019 2366095 2254937 2410869 2400359 2377487 2341169 2387204 2318696 	2240 2225 2210 2276 2333 2235 2363 2358 2096 2426 2273 2438 2366 2254 2410 2400 2377 2341 2387 2318 	2 2 2 2 2 2 2 2 2 2 2 2 2 2 2 2 2 2 2 2 	0
google-chrome --incognito	chrome	return_0		web_wasm	0	0	334.9999999627471 5.000000004656613 5.000000004656613 0 5.000000004656613 0 180.00000005122274 4.999999888241291 0 10.000000009313226 5.000000004656613 5.000000004656613 0 5.000000004656613 0 0 5.000000004656613 0 5.000000004656613 0 0 5.000000004656613 0 5.000000004656613 0 119.99999999534339 5.000000004656613 5.000000004656613 0 0 5.000000004656613 5.000000004656613 0 0 0 5.000000004656613 5.000000004656613 0 0 0 5.000000004656613 0 5.000000004656613 0 5.000000004656613 0 0 0 0 0 5.000000004656613 5.000000004656613 0 0 5.000000004656613 0 5.000000004656613 0 0 0 4.999999888241291 5.000000004656613 0 0 5.000000004656613 0 5.000000004656613 5.000000004656613 0 0 0 5.000000004656613 5.000000004656613 0 0 5.000000004656613 0 5.000000004656613 0 0 0 0 5.000000004656613 5.000000004656613 5.000000004656613 0 0 0 0 5.000000004656613 0 0 0 5.000000004656613 0 5.000000004656613 0 0 5.000000004656613 0 0 5.000000004656613 5.000000004656613 0 0 0 0 0 0 5.000000004656613 0 5.000000004656613 0 0 5.000000004656613 0 0 0 0 5.000000004656613 0 0 4.999999888241291 0 0 0 0 5.000000004656613 0 0 0 5.000000004656613 0 0 0 5.000000004656613 5.000000004656613 0 0 0 0 5.000000004656613 0 0 0 5.000000004656613 5.000000004656613 0 0 5.000000004656613 0 0 5.000000004656613 5.000000004656613 0 0 5.000000004656613 0 0 5.000000004656613 0 0 5.000000004656613 0 0 0 5.000000004656613 0 5.000000004656613 0 0 5.000000004656613 0 5.000000004656613 5.000000004656613 0 0 0 0 5.000000004656613 0 5.000000004656613 0 0 4.999999888241291 0 0 5.000000004656613 0 0 5.000000004656613 0 0 5.000000004656613 0 0 0 0 0 0	0.3349999999627471 0.005000000004656613 0.005000000004656613 0 0.005000000004656613 0 0.18000000005122274 0.004999999888241291 0 0.010000000009313226 0.005000000004656613 0.005000000004656613 0 0.005000000004656613 0 0 0.005000000004656613 0 0.005000000004656613 0 0 0.005000000004656613 0 0.005000000004656613 0 0.11999999999534339 0.005000000004656613 0.005000000004656613 0 0 0.005000000004656613 0.005000000004656613 0 0 0 0.005000000004656613 0.005000000004656613 0 0 0 0.005000000004656613 0 0.005000000004656613 0 0.005000000004656613 0 0 0 0 0 0.005000000004656613 0.005000000004656613 0 0 0.005000000004656613 0 0.005000000004656613 0 0 0 0.004999999888241291 0.005000000004656613 0 0 0.005000000004656613 0 0.005000000004656613 0.005000000004656613 0 0 0 0.005000000004656613 0.005000000004656613 0 0 0.005000000004656613 0 0.005000000004656613 0 0 0 0 0.005000000004656613 0.005000000004656613 0.005000000004656613 0 0 0 0 0.005000000004656613 0 0 0 0.005000000004656613 0 0.005000000004656613 0 0 0.005000000004656613 0 0 0.005000000004656613 0.005000000004656613 0 0 0 0 0 0 0.005000000004656613 0 0.005000000004656613 0 0 0.005000000004656613 0 0 0 0 0.005000000004656613 0 0 0.004999999888241291 0 0 0 0 0.005000000004656613 0 0 0 0.005000000004656613 0 0 0 0.005000000004656613 0.005000000004656613 0 0 0 0 0.005000000004656613 0 0 0 0.005000000004656613 0.005000000004656613 0 0 0.005000000004656613 0 0 0.005000000004656613 0.005000000004656613 0 0 0.005000000004656613 0 0 0.005000000004656613 0 0 0.005000000004656613 0 0 0 0.005000000004656613 0 0.005000000004656613 0 0 0.005000000004656613 0 0.005000000004656613 0.005000000004656613 0 0 0 0 0.005000000004656613 0 0.005000000004656613 0 0 0.004999999888241291 0 0 0.005000000004656613 0 0 0.005000000004656613 0 0 0.005000000004656613 0 0 0 0 0 0	48.5
google-chrome --incognito	chrome	bubble_sort	10000	web_wasm	0	0	85520.00000001863 30665.000000037253 30679.999999934807 30614.999999990687 30650.000000023283 30630.000000004657 30609.99999998603 30614.999999990687 30670.00000004191 30619.999999995343 30584.999999962747 30614.999999990687 30599.999999976717 30600.000000093132 30614.999999990687 30619.999999995343 30625 30625 30649.999999906868 30625	85.52000000001863 30.665000000037253 30.679999999934807 30.614999999990687 30.650000000023283 30.630000000004657 30.60999999998603 30.614999999990687 30.67000000004191 30.619999999995343 30.584999999962747 30.614999999990687 30.599999999976717 30.600000000093132 30.614999999990687 30.619999999995343 30.625 30.625 30.649999999906868 30.625	92.67999999993481
google-chrome --incognito	chrome	linear_search	10000000	web_wasm	0	0	35395.00000001863 9229.999999981374 9290.000000037253 9164.999999920838 9160.000000032596 9145.000000018626 9150.000000023283 9150.000000023283 9250 9159.999999916181 9114.999999990687 9185.00000005588 9140.00000001397 9244.999999995343 9169.999999925494 9165.000000037253 9194.999999948777 9185.00000005588 9204.99999995809 9175.000000046566	35.39500000001863 9.229999999981374 9.290000000037253 9.164999999920838 9.160000000032596 9.145000000018626 9.150000000023283 9.150000000023283 9.25 9.159999999916181 9.114999999990687 9.18500000005588 9.14000000001397 9.244999999995343 9.169999999925494 9.165000000037253 9.194999999948777 9.18500000005588 9.20499999995809 9.175000000046566	41.184999999939464
google-chrome --incognito	chrome	single_thread_no_op_loop	1000000000	web_wasm	0	0	136949.99999995343 33990.0000001071 33984.99999998603 33934.999999939464 33930.00000005122 33914.99999992084 33915.00000003725 33939.99999994412 33985.000000102445 33939.99999994412 33910.000000032596 33924.99999993015 33910.000000032596 33920.00000004191 33934.999999939464 33920.00000004191 33919.999999925494 33930.00000005122 34025.00000002328 33919.999999925494	136.94999999995343 33.9900000001071 33.98499999998603 33.934999999939464 33.93000000005122 33.91499999992084 33.91500000003725 33.93999999994412 33.985000000102445 33.93999999994412 33.910000000032596 33.92499999993015 33.910000000032596 33.92000000004191 33.934999999939464 33.92000000004191 33.919999999925494 33.93000000005122 34.02500000002328 33.919999999925494	39.03000000002794
google-chrome --incognito	chrome	prime_number	919393	web_wasm	0	0	2300.000000046566 1789.9999999208376 1845.0000000884756 1779.9999999115244 1775.000000023283 1770.0000000186265 1765.0000000139698 1819.9999999487773 1810.0000000558794 1770.0000000186265 1769.9999999022111 1770.0000000186265 1760.0000000093132 1755.0000000046566 1765.0000000139698 1760.0000000093132 1765.0000000139698 1760.0000000093132 1770.0000000186265 1755.0000000046566	2.300000000046566 1.7899999999208376 1.8450000000884756 1.7799999999115244 1.775000000023283 1.7700000000186265 1.7650000000139698 1.8199999999487773 1.8100000000558794 1.7700000000186265 1.7699999999022111 1.7700000000186265 1.7600000000093132 1.7550000000046566 1.7650000000139698 1.7600000000093132 1.7650000000139698 1.7600000000093132 1.7700000000186265 1.7550000000046566	41.875
google-chrome --incognito	chrome	prime_number	2147483647	web_wasm	0	0	4072185.000000056 4072064.999999944 4071795.000000042 4071864.9999999907 4071790.0000000373 4071770.0000000186 4071830.0000000745 4071784.999999916 4071780.000000028 4071709.9999999627 4071675.0000000466 4071689.999999944 4071750 4071735.0000001024 4080289.999999921 4072210.000000079 4071669.9999999255 4088655.000000028 4071770.0000000186 4071770.0000000186	4072.185000000056 4072.064999999944 4071.795000000042 4071.8649999999907 4071.7900000000373 4071.7700000000186 4071.8300000000745 4071.784999999916 4071.780000000028 4071.7099999999627 4071.6750000000466 4071.689999999944 4071.75 4071.7350000001024 4080.289999999921 4072.210000000079 4071.6699999999255 4088.655000000028 4071.7700000000186 4071.7700000000186	37.044999999925494
google-chrome --incognito	chrome	matrix_addition_single_multi	10000 10 1 multi	web_wasm	0	0	1585.0000000791624 419.9999999254942 255.0000000046566 255.0000000046566 229.99999998137355 234.99999998603016 230.00000009778887 229.99999998137355 229.99999998137355 244.9999999953434 214.9999999674037 234.99999998603016 224.99999997671694 235.00000010244548 199.99999995343387 209.9999999627471 205.0000000745058 209.9999999627471 209.9999999627471 215.00000008381903	1.5850000000791624 0.4199999999254942 0.2550000000046566 0.2550000000046566 0.22999999998137355 0.23499999998603016 0.23000000009778887 0.22999999998137355 0.22999999998137355 0.2449999999953434 0.2149999999674037 0.23499999998603016 0.22499999997671694 0.23500000010244548 0.19999999995343387 0.2099999999627471 0.2050000000745058 0.2099999999627471 0.2099999999627471 0.21500000008381903	41.39999999990687
google-chrome --incognito	chrome	multi_thread_no_op_loop	1000000000 6	web_wasm	0	0	220060.00000005588 53904.999999911524 51935.00000005588 47515.00000001397 53569.99999994878 48765.00000001397 51875 51959.99999996275 54045.00000004191 51285.000000032596 52869.99999999534 50885.00000000931 52414.99999992084 50350.00000009313 54419.999999925494 50755.00000000466 53525.00000002328 51280.00000002794 46939.99999994412 52895.00000001863	220.06000000005588 53.904999999911524 51.93500000005588 47.51500000001397 53.56999999994878 48.76500000001397 51.875 51.95999999996275 54.04500000004191 51.285000000032596 52.86999999999534 50.88500000000931 52.41499999992084 50.35000000009313 54.419999999925494 50.75500000000466 53.52500000002328 51.28000000002794 46.93999999994412 52.89500000001863	69.7949999999255
google-chrome --incognito	chrome	prime_number_multi	2147483647 6	web_wasm	0	0	6160555.000000051 4128679.999999935 6151320.000000065 6128489.999999991 6126099.999999977 6126580.0000000745 4128664.999999921 6131099.999999977 6127619.999999995 4128760.0000000093 6127555.000000051 6140219.999999972 6127565.000000061 6129019.999999902 6127515.00000013 6127659.999999916 4128390.0000001304 6131734.99999987 6128395.000000019 6127864.999999991	6160.555000000051 4128.679999999935 6151.320000000065 6128.489999999991 6126.099999999977 6126.5800000000745 4128.664999999921 6131.099999999977 6127.619999999995 4128.760000000009 6127.555000000051 6140.219999999972 6127.5650000000605 6129.019999999902 6127.51500000013 6127.659999999916 4128.39000000013 6131.73499999987 6128.395000000019 6127.864999999991	45.85499999998137
google-chrome --incognito	chrome	fibonnaci_multi	999999999 6	web_wasm	0	0	909.999999916181 270.00000001862645 159.99999991618097 100.00000009313226 84.9999999627471 74.99999995343387 125 94.99999997206032 84.9999999627471 70.00000006519258 79.99999984167516 80.0000000745058 80.0000000745058 64.99999994412065 74.99999995343387 74.99999995343387 70.00000006519258 64.99999994412065 79.99999984167516 65.00000017695129	0.909999999916181 0.27000000001862645 0.15999999991618097 0.10000000009313226 0.0849999999627471 0.07499999995343387 0.125 0.09499999997206032 0.0849999999627471 0.07000000006519258 0.07999999984167516 0.0800000000745058 0.0800000000745058 0.06499999994412065 0.07499999995343387 0.07499999995343387 0.07000000006519258 0.06499999994412065 0.07999999984167516 0.06500000017695129	36.90500000002794
chromium --incognito	chromium	return_0		web_wasm	0	0	174.99999981373549 4.999999888241291 10.000000009313226 5.000000121071935 0 0 4.999999888241291 0 10.000000009313226 10.000000009313226 5.000000121071935 0 0 0 5.000000121071935 4.999999888241291 5.000000121071935 0 4.999999888241291 0 0 0 0 5.000000121071935 0 20.00000001862645 10.000000009313226 0 4.999999888241291 5.000000121071935 0 4.999999888241291 5.000000121071935 4.999999888241291 5.000000121071935 4.999999888241291 0 5.000000121071935 4.999999888241291 0 4.999999888241291 5.000000121071935 4.999999888241291 0 0 10.000000009313226 4.999999888241291 0 5.000000121071935 0 4.999999888241291 5.000000121071935 0 10.000000009313226 0 15.00000013038516 5.000000121071935 0 0 5.000000121071935 0 0 0 0 5.000000121071935 4.999999888241291 0 0 5.000000121071935 0 10.000000009313226 0 4.999999888241291 0 0 5.000000121071935 0 0 4.999999888241291 0 0 0 0 5.000000121071935 0 4.999999888241291 0 0 0 4.999999888241291 5.000000121071935 0 0 4.999999888241291 0 0 5.000000121071935 0 4.999999888241291 0 0 4.999999888241291 0 5.000000121071935 0 0 4.999999888241291 0 5.000000121071935 0 0 4.999999888241291 0 5.000000121071935 0 0 0 5.000000121071935 0 0 4.999999888241291 0 5.000000121071935 0 0 5.000000121071935 0 0 0 0 5.000000121071935 0 4.999999888241291 0 5.000000121071935 0 4.999999888241291 0 0 0 5.000000121071935 4.999999888241291 0 0 5.000000121071935 0 0 4.999999888241291 0 0 5.000000121071935 0 4.999999888241291 5.000000121071935 0 0 4.999999888241291 0 0 5.000000121071935 0 0 5.000000121071935 0 4.999999888241291 0 0 5.000000121071935 0 0 4.999999888241291 5.000000121071935 0 0 4.999999888241291 0 5.000000121071935 0 0 4.999999888241291 5.000000121071935 0 4.999999888241291 0 5.000000121071935 0 4.999999888241291 0 5.000000121071935 0 0 0 4.999999888241291 0 5.000000121071935 0 4.999999888241291 0 0 0	0.17499999981373549 0.004999999888241291 0.010000000009313226 0.005000000121071935 0 0 0.004999999888241291 0 0.010000000009313226 0.010000000009313226 0.005000000121071935 0 0 0 0.005000000121071935 0.004999999888241291 0.005000000121071935 0 0.004999999888241291 0 0 0 0 0.005000000121071935 0 0.02000000001862645 0.010000000009313226 0 0.004999999888241291 0.005000000121071935 0 0.004999999888241291 0.005000000121071935 0.004999999888241291 0.005000000121071935 0.004999999888241291 0 0.005000000121071935 0.004999999888241291 0 0.004999999888241291 0.005000000121071935 0.004999999888241291 0 0 0.010000000009313226 0.004999999888241291 0 0.005000000121071935 0 0.004999999888241291 0.005000000121071935 0 0.010000000009313226 0 0.01500000013038516 0.005000000121071935 0 0 0.005000000121071935 0 0 0 0 0.005000000121071935 0.004999999888241291 0 0 0.005000000121071935 0 0.010000000009313226 0 0.004999999888241291 0 0 0.005000000121071935 0 0 0.004999999888241291 0 0 0 0 0.005000000121071935 0 0.004999999888241291 0 0 0 0.004999999888241291 0.005000000121071935 0 0 0.004999999888241291 0 0 0.005000000121071935 0 0.004999999888241291 0 0 0.004999999888241291 0 0.005000000121071935 0 0 0.004999999888241291 0 0.005000000121071935 0 0 0.004999999888241291 0 0.005000000121071935 0 0 0 0.005000000121071935 0 0 0.004999999888241291 0 0.005000000121071935 0 0 0.005000000121071935 0 0 0 0 0.005000000121071935 0 0.004999999888241291 0 0.005000000121071935 0 0.004999999888241291 0 0 0 0.005000000121071935 0.004999999888241291 0 0 0.005000000121071935 0 0 0.004999999888241291 0 0 0.005000000121071935 0 0.004999999888241291 0.005000000121071935 0 0 0.004999999888241291 0 0 0.005000000121071935 0 0 0.005000000121071935 0 0.004999999888241291 0 0 0.005000000121071935 0 0 0.004999999888241291 0.005000000121071935 0 0 0.004999999888241291 0 0.005000000121071935 0 0 0.004999999888241291 0.005000000121071935 0 0.004999999888241291 0 0.005000000121071935 0 0.004999999888241291 0 0.005000000121071935 0 0 0 0.004999999888241291 0 0.005000000121071935 0 0.004999999888241291 0 0 0	65.05000000004657
chromium --incognito	chromium	bubble_sort	10000	web_wasm	0	0	230504.99999988824 30735.000000102445 30724.9999998603 30684.99999982305 30710.000000195578 30689.99999994412 30675.000000046566 30695.000000065193 30705.000000074506 30700.000000186265 30689.99999994412 30679.999999934807 30679.999999934807 30695.000000065193 30705.000000074506 30689.99999994412 30679.999999934807 30675.000000046566 30674.999999813735 30675.000000046566	230.50499999988824 30.735000000102445 30.7249999998603 30.68499999982305 30.710000000195578 30.68999999994412 30.675000000046566 30.695000000065193 30.705000000074506 30.700000000186265 30.68999999994412 30.679999999934807 30.679999999934807 30.695000000065193 30.705000000074506 30.68999999994412 30.679999999934807 30.675000000046566 30.674999999813735 30.675000000046566	45.550000000046566
chromium --incognito	chromium	linear_search	10000000	web_wasm	0	0	74889.99999989755 10445.000000065193 10444.999999832362 10415.000000037253 10439.99999994412 10415.000000037253 10415.000000037253 10465.000000083819 10474.999999860302 10465.000000083819 10430.000000167638 10439.99999994412 10439.99999994412 10415.000000037253 10415.000000037253 10415.000000037253 10429.999999934807 10495.000000111759 10430.000000167638 10409.999999916181	74.88999999989755 10.445000000065193 10.444999999832362 10.415000000037253 10.43999999994412 10.415000000037253 10.415000000037253 10.465000000083819 10.474999999860302 10.465000000083819 10.430000000167638 10.43999999994412 10.43999999994412 10.415000000037253 10.415000000037253 10.415000000037253 10.429999999934807 10.495000000111759 10.430000000167638 10.409999999916181	46.50500000012107
chromium --incognito	chromium	single_thread_no_op_loop	1000000000	web_wasm	0	0	286780.00000002794 33985.000000102445 33964.99999985099 33935.00000005588 33964.99999985099 34025.0000001397 33969.99999997206 33934.99999982305 33975.00000009313 33939.99999994412 33955.000000074506 33919.999999925494 33915.00000003725 33949.999999953434 33925.000000046566 33914.99999980442 33930.00000016764 33915.00000003725 33919.999999925494 33915.00000003725	286.78000000002794 33.985000000102445 33.96499999985099 33.93500000005588 33.96499999985099 34.0250000001397 33.96999999997206 33.93499999982305 33.97500000009313 33.93999999994412 33.955000000074506 33.919999999925494 33.91500000003725 33.949999999953434 33.925000000046566 33.91499999980442 33.93000000016764 33.91500000003725 33.919999999925494 33.91500000003725	46.18500000005588
chromium --incognito	chromium	prime_number	919393	web_wasm	0	0	2754.9999998882413 1804.9999999348074 1805.000000167638 1789.9999998044223 1774.9999999068677 1764.9999998975545 1775.0000001396984 1780.0000000279397 1799.9999998137355 1780.0000000279397 1770.0000000186265 1764.9999998975545 1774.9999999068677 1770.0000000186265 1760.0000000093132 1765.0000001303852 1764.9999998975545 1765.0000001303852 1765.0000001303852 1779.999999795109	2.7549999998882413 1.8049999999348074 1.805000000167638 1.7899999998044223 1.7749999999068677 1.7649999998975545 1.7750000001396984 1.7800000000279397 1.7999999998137355 1.7800000000279397 1.7700000000186265 1.7649999998975545 1.7749999999068677 1.7700000000186265 1.7600000000093132 1.7650000001303852 1.7649999998975545 1.7650000001303852 1.7650000001303852 1.779999999795109	44.950000000186265
chromium --incognito	chromium	prime_number	2147483647	web_wasm	0	0	4072390.0000001304 4072165.0000000373 4072000 4071959.9999999627 4071844.999999972 4071834.9999999627 4071854.9999999814 4071834.9999999627 4071784.999999916 4071715.000000084 4071754.9999998882 4071705.0000000745 4071739.9999999907 4071784.999999916 4071949.9999999534 4071785.000000149 4071774.999999907 4071789.9999998044 4072415.0000000373 4071770.0000000186	4072.3900000001304 4072.1650000000373 4072 4071.9599999999627 4071.844999999972 4071.8349999999627 4071.8549999999814 4071.8349999999627 4071.784999999916 4071.715000000084 4071.7549999998882 4071.7050000000745 4071.7399999999907 4071.784999999916 4071.9499999999534 4071.785000000149 4071.774999999907 4071.7899999998044 4072.4150000000373 4071.7700000000186	43.109999999869615
chromium --incognito	chromium	matrix_addition_single_multi	10000 10 1 multi	web_wasm	0	0	1635.0000000093132 435.00000005587935 359.99999986961484 300.00000004656613 290.0000000372529 300.00000004656613 270.00000001862645 284.99999991618097 284.99999991618097 280.0000000279397 280.0000000279397 280.0000000279397 264.9999998975545 280.0000000279397 239.99999999068677 260.0000000093132 270.00000001862645 265.00000013038516 250 264.9999998975545	1.6350000000093132 0.43500000005587935 0.35999999986961484 0.30000000004656613 0.2900000000372529 0.30000000004656613 0.27000000001862645 0.28499999991618097 0.28499999991618097 0.2800000000279397 0.2800000000279397 0.2800000000279397 0.2649999998975545 0.2800000000279397 0.23999999999068677 0.2600000000093132 0.27000000001862645 0.26500000013038516 0.25 0.2649999998975545	45.93000000016764
chromium --incognito	chromium	multi_thread_no_op_loop	1000000000 6	web_wasm	0	0	300870.00000011176 45489.99999999069 46760.00000000931 52494.99999987893 51635.00000000931 47494.99999987893 51445.00000006519 47895.00000001863 51510.00000000931 51930.00000016764 50324.999999953434 48530.00000002794 52139.999999897555 46725.00000009313 50545.000000158325 50625 51229.99999998137 52064.99999994412 52229.99999998137 51199.999999953434	300.87000000011176 45.48999999999069 46.76000000000931 52.49499999987893 51.63500000000931 47.49499999987893 51.44500000006519 47.89500000001863 51.51000000000931 51.93000000016764 50.324999999953434 48.53000000002794 52.139999999897555 46.72500000009313 50.545000000158325 50.625 51.22999999998137 52.06499999994412 52.22999999998137 51.199999999953434	72.43999999994412
chromium --incognito	chromium	prime_number_multi	2147483647 6	web_wasm	0	0	6630280.000000028 6146635.000000009 6128185.000000056 6130945.000000065 6153864.999999991 6130554.999999935 4127939.999999944 6128695.000000065 6127685.000000056 6128015.00000013 6128924.999999814 6128219.999999972 6154060.000000056 6132395.000000019 6126669.9999999255 6126989.999999991 4128845.000000205 6129195.000000065 6128429.999999935 6127960.000000196	6630.280000000028 6146.635000000009 6128.185000000056 6130.945000000065 6153.864999999991 6130.554999999935 4127.939999999944 6128.695000000065 6127.685000000056 6128.01500000013 6128.924999999814 6128.219999999972 6154.060000000056 6132.395000000019 6126.6699999999255 6126.989999999991 4128.845000000205 6129.195000000065 6128.429999999935 6127.960000000196	49.294999999925494
chromium --incognito	chromium	fibonnaci_multi	999999999 6	web_wasm	0	0	930.0000001676381 224.9999998603016 140.00000013038516 139.99999989755452 90.00000008381903 109.99999986961484 100.00000009313226 135.00000000931323 104.99999998137355 110.00000010244548 89.99999985098839 94.99999997206032 94.99999997206032 94.99999997206032 84.9999999627471 84.9999999627471 84.9999999627471 115.00000022351742 74.99999995343387 110.00000010244548	0.9300000001676381 0.2249999998603016 0.14000000013038516 0.13999999989755452 0.09000000008381903 0.10999999986961484 0.10000000009313226 0.13500000000931323 0.10499999998137355 0.11000000010244548 0.08999999985098839 0.09499999997206032 0.09499999997206032 0.09499999997206032 0.0849999999627471 0.0849999999627471 0.0849999999627471 0.11500000022351742 0.07499999995343387 0.11000000010244548	37.65999999991618
/home/caioh/Downloads/firefox/firefox --private	firefox	return_0		web_wasm	0	0	99.99999999999432 20.000000000010232 0 19.99999999998181 0 20.000000000010232 0 20.000000000010232 0 19.99999999998181 80.0000000000125 19.99999999998181 0 0 0 0 0 20.000000000010232 0 0 0 0 0 19.99999999998181 0 0 0 0 20.000000000010232 0 0 0 0 20.000000000010232 0 0 0 0 19.99999999998181 0 0 0 0 20.000000000010232 0 0 0 0 0 20.000000000010232 0 0 0 20.000000000010232 0 0 0 0 0 0 19.99999999998181 0 0 0 0 0 0 20.000000000010232 0 0 0 0 0 20.000000000010232 0 0 0 0 0 0 0 19.99999999998181 0 0 0 0 0 0 0 0 20.000000000010232 0 0 0 0 0 0 0 0 60.000000000002274 0 0 0 0 0 0 0 0 20.000000000010232 0 0 0 0 0 0 0 20.000000000010232 0 0 0 0 0 0 0 0 0 19.99999999998181 0 0 0 0 0 20.000000000010232 0 0 0 0 0 0 0 20.000000000010232 0 0 0 0 0 0 0 0 19.99999999998181 0 0 0 0 0 0 0 20.000000000010232 0 0 0 0 0 0 0 20.000000000010232 0 0 0 0 0 0 0 0 19.99999999998181 0 0 0 0 0 0 0 20.000000000010232 0 0 0 0 0 0 0 19.99999999998181 0 0 0 0 0 0 0 0 20.000000000010232	0.09999999999999432 0.020000000000010232 0 0.01999999999998181 0 0.020000000000010232 0 0.020000000000010232 0 0.01999999999998181 0.0800000000000125 0.01999999999998181 0 0 0 0 0 0.020000000000010232 0 0 0 0 0 0.01999999999998181 0 0 0 0 0.020000000000010232 0 0 0 0 0.020000000000010232 0 0 0 0 0.01999999999998181 0 0 0 0 0.020000000000010232 0 0 0 0 0 0.020000000000010232 0 0 0 0.020000000000010232 0 0 0 0 0 0 0.01999999999998181 0 0 0 0 0 0 0.020000000000010232 0 0 0 0 0 0.020000000000010232 0 0 0 0 0 0 0 0.01999999999998181 0 0 0 0 0 0 0 0 0.020000000000010232 0 0 0 0 0 0 0 0 0.060000000000002274 0 0 0 0 0 0 0 0 0.020000000000010232 0 0 0 0 0 0 0 0.020000000000010232 0 0 0 0 0 0 0 0 0 0.01999999999998181 0 0 0 0 0 0.020000000000010232 0 0 0 0 0 0 0 0.020000000000010232 0 0 0 0 0 0 0 0 0.01999999999998181 0 0 0 0 0 0 0 0.020000000000010232 0 0 0 0 0 0 0 0.020000000000010232 0 0 0 0 0 0 0 0 0.01999999999998181 0 0 0 0 0 0 0 0.020000000000010232 0 0 0 0 0 0 0 0.01999999999998181 0 0 0 0 0 0 0 0 0.020000000000010232	58.20000000000002
/home/caioh/Downloads/firefox/firefox --private	firefox	bubble_sort	10000	web_wasm	0	0	296220 34279.99999999997 34240.00000000001 34180.00000000001 34240.000000000065 34219.99999999991 34240.00000000001 34720.00000000003 34220.00000000003 34159.99999999997 34239.9999999999 34200.000000000044 34100.00000000002 34100.00000000002 34120.00000000001 34120.00000000001 34100.00000000002 34239.9999999999 34160.00000000008 34120.00000000001	296.22 34.27999999999997 34.24000000000001 34.18000000000001 34.240000000000066 34.219999999999914 34.24000000000001 34.72000000000003 34.22000000000003 34.15999999999997 34.239999999999895 34.200000000000045 34.10000000000002 34.10000000000002 34.120000000000005 34.120000000000005 34.10000000000002 34.239999999999895 34.16000000000008 34.120000000000005	74.1
/home/caioh/Downloads/firefox/firefox --private	firefox	linear_search	10000000	web_wasm	0	0	30019.999999999996 12999.999999999985 12900.000000000005 12400.000000000005 12139.999999999985 12680.000000000007 12620.000000000004 15579.999999999984 12120.000000000004 12180.000000000007 12139.999999999985 12179.999999999978 14180.000000000007 12160.000000000025 13839.999999999975 13200.000000000045 12659.999999999967 12420.000000000016 12219.99999999997 14400.000000000035	30.019999999999996 12.999999999999986 12.900000000000006 12.400000000000006 12.139999999999986 12.680000000000007 12.620000000000005 15.579999999999984 12.120000000000005 12.180000000000007 12.139999999999986 12.179999999999978 14.180000000000007 12.160000000000025 13.839999999999975 13.200000000000045 12.659999999999968 12.420000000000016 12.21999999999997 14.400000000000034	69.98
/home/caioh/Downloads/firefox/firefox --private	firefox	single_thread_no_op_loop	1000000000	web_wasm	0	0	270439.99999999994 264359.99999999994 264840.00000000006 264220 263839.99999999994 263920.00000000006 264780 264399.9999999999 263820.0000000002 264119.9999999999 264200.0000000003 265020 264179.9999999998 263880.0000000001 264360.0000000001 263920.00000000006 263420.00000000006 263339.99999999924 262720.00000000023 264000	270.43999999999994 264.35999999999996 264.84000000000003 264.22 263.8399999999999 263.9200000000001 264.78 264.39999999999986 263.82000000000016 264.1199999999999 264.2000000000003 265.02 264.17999999999984 263.8800000000001 264.3600000000001 263.9200000000001 263.4200000000001 263.33999999999924 262.72000000000025 264	69.38
/home/caioh/Downloads/firefox/firefox --private	firefox	prime_number	919393	web_wasm	0	0	4120.000000000005 1900.0000000000057 1819.9999999999932 1840.0000000000034 1859.9999999999995 1819.9999999999932 1780.0000000000011 1820.0000000000073 1799.9999999999973 1840.0000000000034 1859.9999999999995 1780.0000000000011 1780.0000000000011 1780.0000000000011 1759.999999999991 1780.0000000000011 1780.0000000000011 1780.0000000000011 1760.000000000005 1779.9999999999868	4.1200000000000045 1.9000000000000057 1.8199999999999932 1.8400000000000034 1.8599999999999994 1.8199999999999932 1.7800000000000011 1.8200000000000074 1.7999999999999972 1.8400000000000034 1.8599999999999994 1.7800000000000011 1.7800000000000011 1.7800000000000011 1.759999999999991 1.7800000000000011 1.7800000000000011 1.7800000000000011 1.7600000000000051 1.779999999999987	58.06
/home/caioh/Downloads/firefox/firefox --private	firefox	prime_number	2147483647	web_wasm	0	0	4072740.0000000005 4073080 4071960.000000001 4072199.999999999 4072059.9999999995 4072780.0000000023 4072180.0000000005 4072079.999999998 4072060.0000000014 4072079.9999999944 4072220.000000001 4072040.000000001 4072720.000000001 4072139.9999999995 4072180.0000000005 4072419.999999998 4072260.0000000093 4072299.9999999884 4072100.0000000056 4072199.999999997	4072.7400000000002 4073.08 4071.960000000001 4072.199999999999 4072.0599999999995 4072.7800000000025 4072.1800000000003 4072.079999999998 4072.0600000000013 4072.0799999999945 4072.220000000001 4072.040000000001 4072.720000000001 4072.1399999999994 4072.1800000000003 4072.4199999999983 4072.2600000000093 4072.2999999999884 4072.100000000006 4072.199999999997	68.46000000000001
/home/caioh/Downloads/firefox/firefox --private	firefox	matrix_addition_single_multi	10000 10 1 multi	web_wasm	0	0	1420.0000000000018 620.0000000000045 379.99999999999545 439.9999999999977 280.00000000000114 459.99999999999375 240.0000000000091 239.99999999999488 239.99999999999488 1099.9999999999943 560.0000000000023 239.99999999999488 200.00000000000284 280.00000000000114 280.00000000000114 200.00000000000284 259.9999999999909 240.0000000000091 200.00000000000284 339.9999999999892	1.4200000000000017 0.6200000000000045 0.37999999999999545 0.4399999999999977 0.28000000000000114 0.45999999999999375 0.2400000000000091 0.23999999999999488 0.23999999999999488 1.0999999999999943 0.5600000000000023 0.23999999999999488 0.20000000000000284 0.28000000000000114 0.28000000000000114 0.20000000000000284 0.2599999999999909 0.2400000000000091 0.20000000000000284 0.3399999999999892	71.18
/home/caioh/Downloads/firefox/firefox --private	firefox	multi_thread_no_op_loop	1000000000 6	web_wasm	0	0	283980 275199.99999999994 274740 275200.00000000006 274559.99999999994 274840.0000000001 265159.9999999999 265280 265360.0000000001 266800.0000000002 265559.99999999994 265420.00000000006 262000 262019.99999999997 262019.99999999953 262119.99999999988 262260.00000000023 262020.00000000044 263119.9999999999 262019.99999999953	283.98 275.19999999999993 274.74 275.20000000000005 274.55999999999995 274.84000000000015 265.15999999999985 265.28 265.3600000000001 266.8000000000002 265.55999999999995 265.4200000000001 262 262.02 262.0199999999995 262.1199999999999 262.2600000000002 262.02000000000044 263.1199999999999 262.0199999999995	56.06
/home/caioh/Downloads/firefox/firefox --private	firefox	prime_number_multi	2147483647 6	web_wasm	0	0	9322900 6130580 4089420 4082020.0000000005 4074939.9999999986 4092200.000000001 4086839.9999999963 4079300.000000003 4093279.999999999 4100699.999999997 4078800.000000003 4086120.000000003 4074779.999999999 4083519.9999999967 4078740.000000005 4078619.9999999953 4074860.0000000005 4083960.0000000065 4100919.999999998 4074619.9999999953	9322.9 6130.58 4089.42 4082.0200000000004 4074.9399999999987 4092.2000000000007 4086.8399999999965 4079.300000000003 4093.279999999999 4100.699999999997 4078.800000000003 4086.1200000000026 4074.779999999999 4083.519999999997 4078.7400000000052 4078.6199999999953 4074.8600000000006 4083.9600000000064 4100.919999999998 4074.6199999999953	69.86
/home/caioh/Downloads/firefox/firefox --private	firefox	fibonnaci_multi	999999999 6	web_wasm	0	0	620.0000000000045 299.99999999999716 140.00000000000057 500 159.9999999999966 240.0000000000091 99.99999999999432 60.000000000002274 60.000000000002274 560.0000000000023 540.0000000000063 79.9999999999983 60.000000000002274 60.000000000002274 59.99999999998806 60.000000000002274 180.00000000000682 79.9999999999983 60.000000000002274 39.99999999999204	0.6200000000000045 0.29999999999999716 0.14000000000000057 0.5 0.1599999999999966 0.2400000000000091 0.09999999999999432 0.060000000000002274 0.060000000000002274 0.5600000000000023 0.5400000000000063 0.0799999999999983 0.060000000000002274 0.060000000000002274 0.05999999999998806 0.060000000000002274 0.18000000000000682 0.0799999999999983 0.060000000000002274 0.03999999999999204	38.160000000000004
